"메인 키","기관 코드","유형1","유형2","대표 기관명","전체 기관명","최하위 기관명","대표 전화번호","새 우편번호","지번 주소","도로명 주소","행정 시","행정 구","행정 동"
"BE_LiST31-0307","3070048","지자체","8읍면동_동","서울특별시","서울특별시 성북구 돈암2동주민센터","돈암2동주민센터","02-2241-5160","02825","","서울특별시 성북구 흥천사길 7 (돈암동)","서울특별시","성북구","돈암2동"
"BE_LiST31-0308","3070143","지자체","8읍면동_동","서울특별시","서울특별시 성북구 동선동주민센터","동선동주민센터","02-2241-5080","02840","","서울특별시 성북구 동소문로26길 27 (동선동)","서울특별시","성북구","동선동"
"BE_LiST31-0309","3070050","지자체","8읍면동_동","서울특별시","서울특별시 성북구 보문동주민센터","보문동주민센터","02-2241-5240","02859","","서울특별시 성북구 보문동7가 108-1 (보문동)","서울특별시","성북구","보문동"
"BE_LiST31-0310","3070142","지자체","8읍면동_동","서울특별시","서울특별시 성북구 삼선동주민센터","삼선동주민센터","02-2241-5040","02847","","서울특별시 성북구 보문로 190 (삼선동)","서울특별시","성북구","삼선동"
"BE_LiST31-0485","3010033","지자체","보건_보건소","서울특별시","서울특별시 중구 보건소","보건소","02-3396-5555","04611","","서울특별시 중구 다산로 39길 16 (무학동)","서울특별시","중구","신당동"
"BE_LiST31-0486","3200213","지자체","보건_보건지소","서울특별시","서울특별시 관악구 보건소 보건지소","보건지소","02-879-7407","08720","","서울특별시 관악구 관악로 279-7","서울특별시","관악구","낙성대동"
"BE_LiST31-0487","3040171","지자체","보건_보건지소","서울특별시","서울특별시 광진구 보건소 보건지소","보건지소","02-450-1424","04922","","서울특별시 광진구 긴고랑로 110 (중곡동)","서울특별시","광진구","중곡2동"
"BE_LiST31-0488","3100206","지자체","보건_보건지소","서울특별시","서울특별시 노원구 보건소 공릉보건지소","공릉보건지소","02-2116-4974","01818","","서울특별시 노원구 공릉로 166-1 (공릉동)","서울특별시","노원구","공릉2동"
"BE_LiST31-0489","3100209","지자체","보건_보건지소","서울특별시","서울특별시 노원구 보건소 상계보건지소","상계보건지소","02-2116-4987","01696","","서울특별시 노원구 상계로 118 (상계동)","서울특별시","노원구","상계2동"
"BE_LiST31-0490","3100205","지자체","보건_보건지소","서울특별시","서울특별시 노원구 보건소 월계보건지소","월계보건지소","02-2116-4583","01905","","서울특별시 노원구 월계로 378 (월계동)","서울특별시","노원구","월계3동"
"BE_LiST31-0491","3090147","지자체","보건_보건지소","서울특별시","서울특별시 도봉구 보건소 보건지소","보건지소","02-2091-5451","01466","","서울특별시 도봉구 덕릉로59길73-3 (창동)","서울특별시","도봉구","창4동"
"BE_LiST31-0492","3120173","지자체","보건_보건지소","서울특별시","서울특별시 서대문구 보건소 가좌보건지소","가좌보건지소","02-3140-8357","03709","","서울특별시 서대문구 수색로100-55 (북가좌동)","서울특별시","서대문구","천연동"
"BE_LiST31-0493","3210172","지자체","보건_보건지소","서울특별시","서울특별시 서초구 보건소 방배보건지소","방배보건지소","02-2155-8151","06572","","서울특별시 서초구 방배로 173","서울특별시","서초구","방배4동"
"BE_LiST31-0494","3070195","지자체","보건_보건지소","서울특별시","서울특별시 성북구 보건소 보건지소","보건지소","02-2241-6210","02830","","서울특별시 성북구 아리랑로 3길 8 (동소문동 6가)","서울특별시","성북구","동선동"
"BE_LiST31-0495","3230182","지자체","보건_보건지소","서울특별시","서울특별시 송파구 보건소 보건지소","보건지소","02-2147-4843","05771","","서울특별시 송파구 양산로 5 (거여동)","서울특별시","송파구","거여1동"
"BE_LiST31-0496","3110190","지자체","보건_보건지소","서울특별시","서울특별시 은평구 보건소 보건지소","보건지소","02-351-8652","03347","","서울특별시 은평구 연서로34길 11 (불광동)","서울특별시","은평구","불광2동"
"BE_LiST31-0497","6110582","지자체","소방_소방서","서울특별시","서울특별시 강남소방서","강남소방서","02-553-2247","06171","","서울특별시 강남구 테헤란로 629 (삼성동)","서울특별시","강남구","삼성1동"
"BE_LiST31-0498","6110586","지자체","소방_소방서","서울특별시","서울특별시 강동소방서","강동소방서","02-470-0119","05397","","서울특별시 강동구 성내로 39 (성내동)","서울특별시","강동구","성내1동"
"BE_LiST31-0499","6113071","지자체","소방_소방서","서울특별시","서울특별시 강북소방서","강북소방서","02-3492-3438","01334","","서울특별시 도봉구 도봉로 666","서울특별시","도봉구","방학1동"
"BE_LiST31-0500","6110585","지자체","소방_소방서","서울특별시","서울특별시 강서소방서","강서소방서","02-3663-0119","07550","","서울특별시 강서구 양천로 550","서울특별시","강서구","등촌1동"
"BE_LiST31-0501","6110584","지자체","소방_소방서","서울특별시","서울특별시 관악소방서","관악소방서","02-883-5119","08833","","서울특별시 관악구 관악로 97","서울특별시","관악구","청룡동"
"BE_LiST31-0502","6112407","지자체","소방_소방서","서울특별시","서울특별시 광진소방서","광진소방서","02-446-1385","05023","","서울특별시 광진구 광나루로 480","서울특별시","광진구","구의1동"
"BE_LiST31-0503","6110587","지자체","소방_소방서","서울특별시","서울특별시 구로소방서","구로소방서","02-2618-0119","08275","","서울특별시 구로구 경인로 408","서울특별시","구로구","고척1동"
"BE_LiST31-0504","6110579","지자체","소방_소방서","서울특별시","서울특별시 노원소방서","노원소방서","02-976-6119","01791","","서울특별시 노원구 한글비석로1길 8","서울특별시","노원구","하계1동"
"BE_LiST31-0505","6110578","지자체","소방_소방서","서울특별시","서울특별시 도봉소방서","도봉소방서","02-3492-3438","01334","","서울특별시 도봉구 도봉로 666","서울특별시","도봉구","방학1동"
"BE_LiST31-0506","6110575","지자체","소방_소방서","서울특별시","서울특별시 동대문소방서","동대문소방서","02-2212-0199","02644","","서울특별시 동대문구 장한로 34","서울특별시","동대문구","장안1동"
"BE_LiST31-0507","6110591","지자체","소방_소방서","서울특별시","서울특별시 동작소방서","동작소방서","02-847-1190","07062","","서울특별시 동작구 여의대방로16길 55","서울특별시","동작구","신대방2동"
"BE_LiST31-0508","6110581","지자체","소방_소방서","서울특별시","서울특별시 마포소방서","마포소방서","02-701-3495","04098","","서울특별시 마포구 창전로 76","서울특별시","마포구","신수동"
"BE_LiST31-0509","6111663","지자체","소방_소방서","서울특별시","서울특별시 서대문소방서","서대문소방서","02-3144-1190","03720","","서울특별시 서대문구 연희로 182","서울특별시","서대문구","연희동"
"BE_LiST31-0510","6110583","지자체","소방_소방서","서울특별시","서울특별시 서초소방서","서초소방서","02-591-0119","06550","","서울특별시 서초구 사평대로 67","서울특별시","서초구","반포2동"
"BE_LiST31-0511","6110577","지자체","소방_소방서","서울특별시","서울특별시 성북소방서","성북소방서","02-925-2001","02803","","서울특별시 성북구 종암로 27길 3","서울특별시","성북구","종암동"
"BE_LiST31-0512","6111585","지자체","소방_소방서","서울특별시","서울특별시 소방서","소방서","02-3706-1315","04628","","서울특별시 중구 퇴계로26길 52","서울특별시","중구","필동"
"BE_LiST31-0513","6110588","지자체","소방_소방서","서울특별시","서울특별시 송파소방서","송파소방서","02-431-5119","05737","","서울특별시 송파구 오금로51길 56","서울특별시","송파구","마천2동"
"BE_LiST31-0514","6110589","지자체","소방_소방서","서울특별시","서울특별시 양천소방서","양천소방서","02-2655-1119","07992","","서울특별시 양천구 목동서로 180","서울특별시","양천구","목1동"
"BE_LiST31-0313","3070049","지자체","8읍면동_동","서울특별시","서울특별시 성북구 안암동주민센터","안암동주민센터","02-2241-5200","02853","","서울특별시 성북구 인촌로 16 (안암동)","서울특별시","성북구","안암동"
"BE_LiST31-0314","3070060","지자체","8읍면동_동","서울특별시","서울특별시 성북구 월곡1동주민센터","월곡1동주민센터","02-2241-5560","02741","","서울특별시 성북구 오패산로 96 (월곡동)","서울특별시","성북구","월곡1동"
"BE_LiST31-0315","3070061","지자체","8읍면동_동","서울특별시","서울특별시 성북구 월곡2동주민센터","월곡2동주민센터","02-2241-5600","02793","","서울특별시 성북구 화랑로 152 (월곡동)","서울특별시","성북구","월곡2동"
"BE_LiST31-0316","3070065","지자체","8읍면동_동","서울특별시","서울특별시 성북구 장위1동주민센터","장위1동주민센터","02-2241-5640","02756","","서울특별시 성북구 장위로 61 (장위동)","서울특별시","성북구","장위1동"
"BE_LiST31-0317","3070066","지자체","8읍면동_동","서울특별시","서울특별시 성북구 장위2동주민센터","장위2동주민센터","02-2241-5680","02770","","서울특별시 성북구 돌곶이로27길 12 (장위동)","서울특별시","성북구","장위2동"
"BE_LiST31-0318","3070067","지자체","8읍면동_동","서울특별시","서울특별시 성북구 장위3동주민센터","장위3동주민센터","02-2241-5720","02774","","서울특별시 성북구 한천로 657 (장위동)","서울특별시","성북구","장위3동"
"BE_LiST31-0319","3070051","지자체","8읍면동_동","서울특별시","서울특별시 성북구 정릉1동주민센터","정릉1동주민센터","02-2241-5280","02819","","서울특별시 성북구 정릉로38마길 33 (정릉동)","서울특별시","성북구","정릉1동"
"BE_LiST31-0320","3070052","지자체","8읍면동_동","서울특별시","서울특별시 성북구 정릉2동주민센터","정릉2동주민센터","02-2241-5320","02814","","서울특별시 성북구 정릉로26길 1 (정릉동)","서울특별시","성북구","정릉2동"
"BE_LiST31-0321","3070053","지자체","8읍면동_동","서울특별시","서울특별시 성북구 정릉3동주민센터","정릉3동주민센터","02-2241-5360","02708","","서울특별시 성북구 솔샘로1길 6-3 (정릉동)","서울특별시","성북구","정릉3동"
"BE_LiST31-0322","3070054","지자체","8읍면동_동","서울특별시","서울특별시 성북구 정릉4동주민센터","정릉4동주민센터","02-2241-5400","02702","","서울특별시 성북구 보국문로 106-1 (정릉동)","서울특별시","성북구","정릉4동"
"BE_LiST31-0323","3070144","지자체","8읍면동_동","서울특별시","서울특별시 성북구 종암동주민센터","종암동주민센터","02-2241-5520","02797","","서울특별시 성북구 종암로 98-8 (종암동)","서울특별시","성북구","종암동"
"BE_LiST31-0324","3230055","지자체","8읍면동_동","서울특별시","서울특별시 송파구 가락1동주민센터","가락1동주민센터","02-2147-4450","05698","","서울특별시 송파구 송파대로 345 (가락동 가락초등학교 내)","서울특별시","송파구","가락1동"
"BE_LiST31-0325","3230056","지자체","8읍면동_동","서울특별시","서울특별시 송파구 가락2동주민센터","가락2동주민센터","02-2147-4480","05822","","서울특별시 송파구 중대로20길 6 (가락동)","서울특별시","송파구","가락2동"
"BE_LiST31-0326","3230054","지자체","8읍면동_동","서울특별시","서울특별시 송파구 가락본동주민센터","가락본동주민센터","02-2147-4420","05717","","서울특별시 송파구 송파대로28길 39 (가락동)","서울특별시","송파구","가락본동"
"BE_LiST31-0327","3230042","지자체","8읍면동_동","서울특별시","서울특별시 송파구 거여1동주민센터","거여1동주민센터","02-2147-4060","05735","","서울특별시 송파구 오금로53길 (거여동)","서울특별시","송파구","잠실6동"
"BE_LiST31-0328","3230043","지자체","8읍면동_동","서울특별시","서울특별시 송파구 거여2동주민센터","거여2동주민센터","02-2147-4090","05768","","서울특별시 송파구 거마로2길 19 (거여동)","서울특별시","송파구","거여2동"
"BE_LiST31-0329","3230044","지자체","8읍면동_동","서울특별시","서울특별시 송파구 마천1동주민센터","마천1동주민센터","02-2147-4120","05757","","서울특별시 송파구 마천로 303 (마천동)","서울특별시","송파구","마천1동"
"BE_LiST31-0330","3230045","지자체","8읍면동_동","서울특별시","서울특별시 송파구 마천2동주민센터","마천2동주민센터","02-2147-4150","05756","","서울특별시 송파구 마천로 287 (마천동)","서울특별시","송파구","마천2동"
"BE_LiST31-0331","3230057","지자체","8읍면동_동","서울특별시","서울특별시 송파구 문정1동주민센터","문정1동주민센터","02-2147-4510","05804","","서울특별시 송파구 동남로 116 (문정동)","서울특별시","송파구","문정1동"
"BE_LiST31-0332","3230058","지자체","8읍면동_동","서울특별시","서울특별시 송파구 문정2동주민센터","문정2동주민센터","02-2147-4540","05834","","서울특별시 송파구 새말로19길 6 (문정동)","서울특별시","송파구","장지동"
"BE_LiST31-0333","3230046","지자체","8읍면동_동","서울특별시","서울특별시 송파구 방이1동주민센터","방이1동주민센터","02-2147-4180","05640","","서울특별시 송파구 방이1동 26 (방이동)","서울특별시","송파구","오륜동"
"BE_LiST31-0334","3230047","지자체","8읍면동_동","서울특별시","서울특별시 송파구 방이2동주민센터","방이2동주민센터","02-2147-4210","05546","","서울특별시 송파구 백제고분로 495 (방이동)","서울특별시","송파구","방이2동"
"BE_LiST31-0335","3230053","지자체","8읍면동_동","서울특별시","서울특별시 송파구 삼전동주민센터","삼전동주민센터","02-2147-4390","05584","","서울특별시 송파구 백제고분로 236 (삼전동)","서울특별시","송파구","삼전동"
"BE_LiST31-0336","3230052","지자체","8읍면동_동","서울특별시","서울특별시 송파구 석촌동주민센터","석촌동주민센터","02-2147-4360","05684","","서울특별시 송파구 백제고분로37길 16 (석촌동)","서울특별시","송파구","석촌동"
"BE_LiST31-0337","3230050","지자체","8읍면동_동","서울특별시","서울특별시 송파구 송파1동주민센터","송파1동주민센터","02-2147-4300","05666","","서울특별시 송파구 백제고분로42길 5 (송파동)","서울특별시","송파구","송파1동"
"BE_LiST31-0338","3230051","지자체","8읍면동_동","서울특별시","서울특별시 송파구 송파2동주민센터","송파2동주민센터","02-2147-4330","05674","","서울특별시 송파구 송이로 32 (송파동)","서울특별시","송파구","송파2동"
"BE_LiST31-0032","3220049","지자체","8읍면동_동","서울특별시","서울특별시 강남구 대치1동주민센터","대치1동주민센터","02-3423-8320","06280","","서울특별시 강남구 남부순환로391길 19","서울특별시","강남구","대치1동"
"BE_LiST31-0033","3220050","지자체","8읍면동_동","서울특별시","서울특별시 강남구 대치2동주민센터","대치2동주민센터","02-3423-8420","06187","","서울특별시 강남구 영동대로65길 24","서울특별시","강남구","대치2동"
"BE_LiST31-0034","3220052","지자체","8읍면동_동","서울특별시","서울특별시 강남구 대치4동주민센터","대치4동주민센터","02-3423-8520","06204","","서울특별시 강남구 도곡로77길 23","서울특별시","강남구","대치4동"
"BE_LiST31-0035","3220055","지자체","8읍면동_동","서울특별시","서울특별시 강남구 도곡1동주민센터","도곡1동주민센터","02-3423-7470","06269","","서울특별시 강남구 도곡로18길 57","서울특별시","강남구","도곡1동"
"BE_LiST31-0036","3220056","지자체","8읍면동_동","서울특별시","서울특별시 강남구 도곡2동주민센터","도곡2동주민센터","02-3423-7570","06300","","서울특별시 강남구 남부순환로378길 34-9","서울특별시","강남구","도곡2동"
"BE_LiST31-0037","3220047","지자체","8읍면동_동","서울특별시","서울특별시 강남구 삼성1동주민센터","삼성1동주민센터","02-3413-7820","06170","","서울특별시 강남구 봉은사로 616","서울특별시","강남구","삼성1동"
"BE_LiST31-0038","3220048","지자체","8읍면동_동","서울특별시","서울특별시 강남구 삼성2동주민센터","삼성2동주민센터","02-3423-8220","06097","","서울특별시 강남구 봉은사로 419","서울특별시","강남구","삼성2동"
"BE_LiST31-0039","3220061","지자체","8읍면동_동","서울특별시","서울특별시 강남구 세곡동주민센터","세곡동주민센터","02-3423-8670","06377","","서울특별시 강남구 밤고개로 286","서울특별시","강남구","세곡동"
"BE_LiST31-0040","3220065","지자체","8읍면동_동","서울특별시","서울특별시 강남구 수서동주민센터","수서동주민센터","02-3423-8570","06349","","서울특별시 강남구 광평로 301-4","서울특별시","강남구","수서동"
"BE_LiST31-0041","3220040","지자체","8읍면동_동","서울특별시","서울특별시 강남구 신사동주민센터","신사동주민센터","02-3423-7320","06029","","서울특별시 강남구 압구정로 128","서울특별시","강남구","신사동"
"BE_LiST31-0042","3220141","지자체","8읍면동_동","서울특별시","서울특별시 강남구 압구정동주민센터","압구정동주민센터","02-3423-7620","06004","","서울특별시 강남구 압구정로33길48","서울특별시","강남구","압구정동"
"BE_LiST31-0043","3220053","지자체","8읍면동_동","서울특별시","서울특별시 강남구 역삼1동주민센터","역삼1동주민센터","02-3423-8620","06244","","서울특별시 강남구 역삼로7길 16","서울특별시","강남구","역삼1동"
"BE_LiST31-0044","3220054","지자체","8읍면동_동","서울특별시","서울특별시 강남구 역삼2동주민센터","역삼2동주민센터","02-3423-7370","06219","","서울특별시 강남구 도곡로43길 25","서울특별시","강남구","역삼2동"
"BE_LiST31-0045","3220063","지자체","8읍면동_동","서울특별시","서울특별시 강남구 일원1동주민센터","일원1동주민센터","02-3423-8370","06341","","서울특별시 강남구 양재대로55길 14","서울특별시","강남구","일원1동"
"BE_LiST31-0046","3220064","지자체","8읍면동_동","서울특별시","서울특별시 강남구 일원2동주민센터","일원2동주민센터","02-3423-8470","06335","","서울특별시 강남구 개포로 607","서울특별시","강남구","일원2동"
"BE_LiST31-0047","3220062","지자체","8읍면동_동","서울특별시","서울특별시 강남구 일원본동주민센터","일원본동주민센터","02-3423-8270","06361","","서울특별시 강남구 광평로 126","서울특별시","강남구","일원본동"
"BE_LiST31-0048","3220142","지자체","8읍면동_동","서울특별시","서울특별시 강남구 청담동주민센터","청담동주민센터","02-3423-7720","06012","","서울특별시 강남구 압구정로79길 26","서울특별시","강남구","청담동"
"BE_LiST31-0049","3240086","지자체","8읍면동_동","서울특별시","서울특별시 강동구 강일동주민센터","강일동주민센터","02-3425-7400","05211","","서울특별시 강동구 아리수로93길 9-14 (강일동)","서울특별시","강동구","강일동"
"BE_LiST31-0050","3240043","지자체","8읍면동_동","서울특별시","서울특별시 강동구 고덕1동주민센터","고덕1동주민센터","02-3425-7520","05231","","서울특별시 강동구 양재대로156길 123 (고덕동)","서울특별시","강동구","고덕1동"
"BE_LiST31-0051","3240044","지자체","8읍면동_동","서울특별시","서울특별시 강동구 고덕2동주민센터","고덕2동주민센터","02-3425-7550","05220","","서울특별시 강동구 아리수로78길 43-12 (고덕동)","서울특별시","강동구","고덕2동"
"BE_LiST31-0052","3240152","지자체","8읍면동_동","서울특별시","서울특별시 강동구 길동주민센터","길동주민센터","02-3425-7850","05344","","서울특별시 강동구 명일로 229-1 (길동)","서울특별시","강동구","길동"
"BE_LiST31-0053","3240058","지자체","8읍면동_동","서울특별시","서울특별시 강동구 둔촌1동주민센터","둔촌1동주민센터","02-3425-7880","05411","","서울특별시 강동구 양재대로84길 31 (둔촌동)","서울특별시","강동구","둔촌1동"
"BE_LiST31-0054","3240059","지자체","8읍면동_동","서울특별시","서울특별시 강동구 둔촌2동주민센터","둔촌2동주민센터","02-3425-7910","05361","","서울특별시 강동구 천호대로186길 7 (둔촌동)","서울특별시","강동구","둔촌2동"
"BE_LiST31-0055","3240041","지자체","8읍면동_동","서울특별시","서울특별시 강동구 명일1동주민센터","명일1동주민센터","02-3425-7460","05292","","서울특별시 강동구 양재대로138길 37 (명일동)","서울특별시","강동구","명일1동"
"BE_LiST31-0056","3240042","지자체","8읍면동_동","서울특별시","서울특별시 강동구 명일2동주민센터","명일2동주민센터","02-3425-7490","05299","","서울특별시 강동구 상암로 260 (명일동)","서울특별시","강동구","명일2동"
"BE_LiST31-0057","3240040","지자체","8읍면동_동","서울특별시","서울특별시 강동구 상일동주민센터","상일동주민센터","02-3425-7430","05276","","서울특별시 강동구 고덕로80길 111 (상일동)","서울특별시","강동구","상일동"
"BE_LiST31-0058","3240053","지자체","8읍면동_동","서울특별시","서울특별시 강동구 성내1동주민센터","성내1동주민센터","02-3425-7760","05392","","서울특별시 강동구 성내로 13 (성내동)","서울특별시","강동구","성내1동"
"BE_LiST31-0059","3240054","지자체","8읍면동_동","서울특별시","서울특별시 강동구 성내2동주민센터","성내2동주민센터","02-3425-7790","05388","","서울특별시 강동구 풍성로37가길 62 (성내동)","서울특별시","강동구","성내2동"
"BE_LiST31-0339","3230049","지자체","8읍면동_동","서울특별시","서울특별시 송파구 오금동주민센터","오금동주민센터","02-2147-4270","05661","","서울특별시 송파구 중대로2길 5 (오금동)","서울특별시","송파구","문정2동"
"BE_LiST31-0001","6110000","지자체","1시도_시","서울특별시","서울특별시청","서울특별시청","02-120","04524","","서울특별시 중구 세종대로 110","서울특별시","중구","명동"
"BE_LiST31-0282","3210042","지자체","8읍면동_동","서울특별시","서울특별시 서초구 서초3동주민센터","서초3동주민센터","02-2155-7480","06716","","서울특별시 서초구 반포대로10길 10","서울특별시","서초구","서초3동"
"BE_LiST31-0515","6110576","지자체","소방_소방서","서울특별시","서울특별시 영등포소방서","영등포소방서","02-2679-0120","07301","","서울특별시 영등포구 문래로 197","서울특별시","영등포구","영등포동"
"BE_LiST31-0226","3130057","지자체","8읍면동_동","서울특별시","서울특별시 마포구 망원1동주민센터","망원1동주민센터","02-3153-6800","04010","","서울특별시 마포구 포은로6길 10 (망원동)","서울특별시","마포구","망원1동"
"BE_LiST31-0227","3130058","지자체","8읍면동_동","서울특별시","서울특별시 마포구 망원2동주민센터","망원2동주민센터","02-3153-6830","03960","","서울특별시 마포구 방울내로7길 11 (망원동)","서울특별시","마포구","망원2동"
"BE_LiST31-0228","3130062","지자체","8읍면동_동","서울특별시","서울특별시 마포구 상암동주민센터","상암동주민센터","02-3153-6950","03927","","서울특별시 마포구 매봉산로2길 16 (상암동)","서울특별시","마포구","상암동"
"BE_LiST31-0229","3130124","지자체","8읍면동_동","서울특별시","서울특별시 마포구 서강동주민센터","서강동주민센터","02-3153-6710","04099","","서울특별시 마포구 독막로 165 (창전동)","서울특별시","마포구","서강동"
"BE_LiST31-0230","3130054","지자체","8읍면동_동","서울특별시","서울특별시 마포구 서교동주민센터","서교동주민센터","02-3153-6740","04003","","서울특별시 마포구 동교로15길 7 (서교동)","서울특별시","마포구","서교동"
"BE_LiST31-0231","3130060","지자체","8읍면동_동","서울특별시","서울특별시 마포구 성산1동주민센터","성산1동주민센터","02-3153-6890","03965","","서울특별시 마포구 성산로4길 15 (성산동)","서울특별시","마포구","성산1동"
"BE_LiST31-0232","3130061","지자체","8읍면동_동","서울특별시","서울특별시 마포구 성산2동주민센터","성산2동주민센터","02-3153-6920","03946","","서울특별시 마포구 월드컵북로30길 22 (성산동)","서울특별시","마포구","성산2동"
"BE_LiST31-0233","3130051","지자체","8읍면동_동","서울특별시","서울특별시 마포구 신수동주민센터","신수동주민센터","02-3153-6680","04089","","서울특별시 마포구 독막로 192 (신수동)","서울특별시","마포구","신수동"
"BE_LiST31-0234","3130136","지자체","8읍면동_동","서울특별시","서울특별시 마포구 아현동주민센터","아현동주민센터","02-3153-6530","04142","","서울특별시 마포구 마포대로7길 18 (공덕동)","서울특별시","마포구","아현동"
"BE_LiST31-0235","3130059","지자체","8읍면동_동","서울특별시","서울특별시 마포구 연남동주민센터","연남동주민센터","02-3153-6860","03979","","서울특별시 마포구 성미산로29길 17-9 (연남동)","서울특별시","마포구","연남동"
"BE_LiST31-0236","3130049","지자체","8읍면동_동","서울특별시","서울특별시 마포구 염리동주민센터","염리동주민센터","02-3153-6650","04138","","서울특별시 마포구 숭문길 14 (염리동)","서울특별시","마포구","염리동"
"BE_LiST31-0237","3130047","지자체","8읍면동_동","서울특별시","서울특별시 마포구 용강동주민센터","용강동주민센터","02-3153-6590","04161","","서울특별시 마포구 토정로31길 31 (용강동)","서울특별시","마포구","용강동"
"BE_LiST31-0238","3130056","지자체","8읍면동_동","서울특별시","서울특별시 마포구 합정동주민센터","합정동주민센터","02-3153-6770","04019","","서울특별시 마포구 동교로8길 58 (합정동)","서울특별시","마포구","합정동"
"BE_LiST31-0239","3120057","지자체","8읍면동_동","서울특별시","서울특별시 서대문구 남가좌1동주민센터","남가좌1동주민센터","02-330-8135","03712","","서울특별시 서대문구 수색로2길48 (남가좌동)","서울특별시","서대문구","남가좌1동"
"BE_LiST31-0240","3120058","지자체","8읍면동_동","서울특별시","서울특별시 서대문구 남가좌2동주민센터","남가좌2동주민센터","02-330-8137","03665","","서울특별시 서대문구 증가로10길28 (남가좌동)","서울특별시","서대문구","남가좌2동"
"BE_LiST31-0241","3120059","지자체","8읍면동_동","서울특별시","서울특별시 서대문구 북가좌1동주민센터","북가좌1동주민센터","02-330-8139","03709","","서울특별시 서대문구 수색로100-55 (북가좌동)","서울특별시","서대문구","천연동"
"BE_LiST31-0242","3120060","지자체","8읍면동_동","서울특별시","서울특별시 서대문구 북가좌2동주민센터","북가좌2동주민센터","02-330-8141","03678","","서울특별시 서대문구 응암로1길10 (북가좌동)","서울특별시","서대문구","북가좌2동"
"BE_LiST31-0243","3120127","지자체","8읍면동_동","서울특별시","서울특별시 서대문구 북아현동주민센터","북아현동주민센터","02-330-8105","03756","","서울특별시 서대문구 이화여대길92-8 (대현동)","서울특별시","서대문구","신촌동"
"BE_LiST31-0244","3120128","지자체","8읍면동_동","서울특별시","서울특별시 서대문구 신촌동주민센터","신촌동주민센터","02-330-8111","03765","","서울특별시 서대문구 이화여대길92-8 (대현동)","서울특별시","서대문구","신촌동"
"BE_LiST31-0245","3120129","지자체","8읍면동_동","서울특별시","서울특별시 서대문구 연희동주민센터","연희동주민센터","02-330-8115","03697","","서울특별시 서대문구 연희로189 (연희동)","서울특별시","서대문구","연희동"
"BE_LiST31-0246","3120040","지자체","8읍면동_동","서울특별시","서울특별시 서대문구 천연동주민센터","천연동주민센터","02-330-8103","03743","","서울특별시 서대문구 성산로694","서울특별시","서대문구","천연동"
"BE_LiST31-0247","3120126","지자체","8읍면동_동","서울특별시","서울특별시 서대문구 충현동주민센터","충현동주민센터","02-330-8101","03748","","서울특별시 서대문구 북아현로22길38 (북아현동)","서울특별시","서대문구","충현동"
"BE_LiST31-0248","3120054","지자체","8읍면동_동","서울특별시","서울특별시 서대문구 홍은1동주민센터","홍은1동주민센터","02-330-8129","03604","","서울특별시 서대문구 홍은중앙로85 (홍은동)","서울특별시","서대문구","홍은1동"
"BE_LiST31-0249","3120132","지자체","8읍면동_동","서울특별시","서울특별시 서대문구 홍은2동주민센터","홍은2동주민센터","02-330-8133","03658","","서울특별시 서대문구 모래내로334 (홍은동)","서울특별시","서대문구","홍은2동"
"BE_LiST31-0250","3120050","지자체","8읍면동_동","서울특별시","서울특별시 서대문구 홍제1동주민센터","홍제1동주민센터","02-330-8121","03646","","서울특별시 서대문구 통일로435-1 (홍제동)","서울특별시","종로구","무악동"
"BE_LiST31-0251","3120131","지자체","8읍면동_동","서울특별시","서울특별시 서대문구 홍제2동주민센터","홍제2동주민센터","02-330-8127","03632","","서울특별시 서대문구 통일로34길27 (홍제동)","서울특별시","서대문구","홍제2동"
"BE_LiST31-0252","3120052","지자체","8읍면동_동","서울특별시","서울특별시 서대문구 홍제3동주민센터","홍제3동주민센터","02-330-8125","03622","","서울특별시 서대문구 세검정로4길32 (홍제동)","서울특별시","서대문구","홍제3동"
"BE_LiST31-0516","6110574","지자체","소방_소방서","서울특별시","서울특별시 용산소방서","용산소방서","02-796-6361","04375","","서울특별시 용산구 한강대로 167","서울특별시","용산구","한강로동"
"BE_LiST31-0002","3220000","지자체","5시군구_구","서울특별시","서울특별시 강남구청","강남구청","02-3423-6000","06090","","서울특별시 강남구 학동로 426","서울특별시","강남구","삼성2동"
"BE_LiST31-0003","3240000","지자체","5시군구_구","서울특별시","서울특별시 강동구청","강동구청","02-3425-5000","05397","","서울특별시 강동구 성내로 25 (성내동)","서울특별시","강동구","성내1동"
"BE_LiST31-0004","3080000","지자체","5시군구_구","서울특별시","서울특별시 강북구청","강북구청","02-901-6301","01071","","서울특별시 강북구 도봉로89길 13","서울특별시","강북구","수유3동"
"BE_LiST31-0005","3150000","지자체","5시군구_구","서울특별시","서울특별시 강서구청","강서구청","02-2600-6114","07658","","서울특별시 강서구 화곡로 302 (화곡동)","서울특별시","강서구","화곡6동"
"BE_LiST31-0006","3200000","지자체","5시군구_구","서울특별시","서울특별시 관악구청","관악구청","02-879-6000","08832","","서울특별시 관악구 관악로 145","서울특별시","관악구","청룡동"
"BE_LiST31-0007","3040000","지자체","5시군구_구","서울특별시","서울특별시 광진구청","광진구청","02-450-1114","05026","","서울특별시 광진구 자양로 117 (자양동)","서울특별시","광진구","자양1동"
"BE_LiST31-0008","3160000","지자체","5시군구_구","서울특별시","서울특별시 구로구청","구로구청","02-860-2330","08284","","서울특별시 구로구 가마산로 245 (구로동)","서울특별시","구로구","구로2동"
"BE_LiST31-0009","3170000","지자체","5시군구_구","서울특별시","서울특별시 금천구청","금천구청","02-890-2300","08611","","서울특별시 금천구 시흥대로73길 70 (시흥동)","서울특별시","금천구","시흥1동"
"BE_LiST31-0010","3100000","지자체","5시군구_구","서울특별시","서울특별시 노원구청","노원구청","02-2116-3114","01689","","서울특별시 노원구 노해로 437 (상계동)","서울특별시","노원구","상계6.7동"
"BE_LiST31-0011","3090000","지자체","5시군구_구","서울특별시","서울특별시 도봉구청","도봉구청","02-2091-2091","01331","","서울특별시 도봉구 마들로 656 (방학동)","서울특별시","도봉구","방학1동"
"BE_LiST31-0012","3050000","지자체","5시군구_구","서울특별시","서울특별시 동대문구청","동대문구청","02-2127-5000","02565","","서울특별시 동대문구 천호대로 145 (용두동)","서울특별시","동대문구","용신동"
"BE_LiST31-0013","3190000","지자체","5시군구_구","서울특별시","서울특별시 동작구청","동작구청","02-820-1114","06928","","서울특별시 동작구 장승배기로 161","서울특별시","동작구","노량진2동"
"BE_LiST31-0014","3130000","지자체","5시군구_구","서울특별시","서울특별시 마포구청","마포구청","02-3153-8114","03937","","서울특별시 마포구 월드컵로 212 (성산동)","서울특별시","마포구","성산2동"
"BE_LiST31-0015","3120000","지자체","5시군구_구","서울특별시","서울특별시 서대문구청","서대문구청","02-330-1114","03718","","서울특별시 서대문구 연희로248 (연희동)","서울특별시","서대문구","연희동"
"BE_LiST31-0016","3060000","지자체","5시군구_구","서울특별시","서울특별시 중랑구청","중랑구청","02-2094-2094","02043","","서울특별시 중랑구 봉화산로 179 (신내동)","서울특별시","중랑구","신내2동"
"BE_LiST31-0017","3210000","지자체","5시군구_구","서울특별시","서울특별시 서초구청","서초구청","02-2155-6100","06750","","서울특별시 서초구 남부순환로 2584","서울특별시","서초구","서초2동"
"BE_LiST31-0018","3030000","지자체","5시군구_구","서울특별시","서울특별시 성동구청","성동구청","02-2286-5114","04750","","서울특별시 성동구 고산자로 270 (행당동)","서울특별시","성동구","행당1동"
"BE_LiST31-0019","3070000","지자체","5시군구_구","서울특별시","서울특별시 성북구청","성북구청","02-2241-3300","02848","","서울특별시 성북구 보문로 168 (삼선동)","서울특별시","성북구","삼선동"
"BE_LiST31-0020","3230000","지자체","5시군구_구","서울특별시","서울특별시 송파구청","송파구청","02-2147-2000","05552","","서울특별시 올림픽로 326 (신천동)","서울특별시","송파구","잠실6동"
"BE_LiST31-0021","3140000","지자체","5시군구_구","서울특별시","서울특별시 양천구청","양천구청","02-2650-3300","08095","","서울특별시 양천구 목동동로 105 (신정동)","서울특별시","양천구","신정6동"
"BE_LiST31-0022","3180000","지자체","5시군구_구","서울특별시","서울특별시 영등포구청","영등포구청","02-2670-3000","07260","","서울특별시 영등포구 당산로 123 (당산동3가)","서울특별시","영등포구","당산1동"
"BE_LiST31-0023","3020000","지자체","5시군구_구","서울특별시","서울특별시 용산구청","용산구청","02-2199-6114","04390","","서울특별시 용산구 녹사평대로 150 (이태원동)","서울특별시","용산구","이태원1동"
"BE_LiST31-0024","3110000","지자체","5시군구_구","서울특별시","서울특별시 은평구청","은평구청","02-351-8000","03384","","서울특별시 은평구 은평로 195 (녹번동)","서울특별시","은평구","녹번동"
"BE_LiST31-0025","3000000","지자체","5시군구_구","서울특별시","서울특별시 종로구청","종로구청","02-2148-1111","03153","","서울특별시 종로구 삼봉로43","서울특별시","종로구","종로1.2.3.4가동"
"BE_LiST31-0026","3010000","지자체","5시군구_구","서울특별시","서울특별시 중구청","중구청","02-3396-4114","04558","","서울특별시 중구 창경궁로 17 (예관동)","서울특별시","중구","광희동"
"BE_LiST31-0027","3220057","지자체","8읍면동_동","서울특별시","서울특별시 강남구 개포1동주민센터","개포1동주민센터","02-3423-7670","06321","","서울특별시 강남구 개포로 310-17","서울특별시","강남구","개포1동"
"BE_LiST31-0028","3220058","지자체","8읍면동_동","서울특별시","서울특별시 강남구 개포2동주민센터","개포2동주민센터","02-3423-7770","06328","","서울특별시 강남구 개포로 511","서울특별시","강남구","개포2동"
"BE_LiST31-0029","3220060","지자체","8읍면동_동","서울특별시","서울특별시 강남구 개포4동주민센터","개포4동주민센터","02-3423-7870","06309","","서울특별시 강남구 개포로38길 12","서울특별시","강남구","개포4동"
"BE_LiST31-0030","3220041","지자체","8읍면동_동","서울특별시","서울특별시 강남구 논현1동주민센터","논현1동주민센터","02-3423-7420","06115","","서울특별시 강남구 학동로20길 25","서울특별시","강남구","논현1동"
"BE_LiST31-0031","3220042","지자체","8읍면동_동","서울특별시","서울특별시 강남구 논현2동주민센터","논현2동주민센터","02-3423-7520","06058","","서울특별시 강남구 학동로43길 17","서울특별시","강남구","논현2동"
"BE_LiST31-0484","3000034","지자체","보건_보건소","서울특별시","서울특별시 종로구 보건소","보건소","02-2148-3520","03153","","서울특별시 종로구 자하문로 19길 36","서울특별시","종로구","청운효자동"
"BE_LiST31-0253","3060056","지자체","8읍면동_동","서울특별시","서울특별시 중랑구 망우3동주민센터","망우3동주민센터","02-2094-6520","02173","","서울특별시 중랑구 용마산로 461 (망우동)","서울특별시","중랑구","망우3동"
"BE_LiST31-0254","3060125","지자체","8읍면동_동","서울특별시","서울특별시 중랑구 망우본동주민센터","망우본동주민센터","02-2094-6480","02066","","서울특별시 중랑구 망우로67길 10 (망우동)","서울특별시","중랑구","망우본동"
"BE_LiST31-0255","3060040","지자체","8읍면동_동","서울특별시","서울특별시 중랑구 면목2동주민센터","면목2동주민센터","02-2094-6040","02130","","서울특별시 중랑구 동일로101길 20-15 (면목동)","서울특별시","중랑구","면목2동"
"BE_LiST31-0256","3060042","지자체","8읍면동_동","서울특별시","서울특별시 중랑구 면목4동주민센터","면목4동주민센터","02-2094-6120","02254","","서울특별시 중랑구 면목로 246 (면목동)","서울특별시","중랑구","면목4동"
"BE_LiST31-0257","3060043","지자체","8읍면동_동","서울특별시","서울특별시 중랑구 면목5동주민센터","면목5동주민센터","02-2094-6160","02231","","서울특별시 중랑구 동일로 619 (면목동)","서울특별시","중랑구","면목5동"
"BE_LiST31-0258","3060045","지자체","8읍면동_동","서울특별시","서울특별시 중랑구 면목7동주민센터","면목7동주민센터","02-2094-6200","02252","","서울특별시 중랑구 면목로 298 (면목동)","서울특별시","중랑구","면목7동"
"BE_LiST31-0259","3060123","지자체","8읍면동_동","서울특별시","서울특별시 중랑구 면목본동주민센터","면목본동주민센터","02-2094-6000","02219","","서울특별시 중랑구 면목로 397 (면목동)","서울특별시","중랑구","면목본동"
"BE_LiST31-0260","3060127","지자체","8읍면동_동","서울특별시","서울특별시 중랑구 면목제3.8동주민센터","면목제3.8동주민센터","02-2094-6080","02221","","서울특별시 중랑구 사가정로51길 48 (면목동)","서울특별시","중랑구","면목제3.8동"
"BE_LiST31-0261","3060052","지자체","8읍면동_동","서울특별시","서울특별시 중랑구 묵1동주민센터","묵1동주민센터","02-2094-6400","02034","","서울특별시 중랑구 공릉로2가길 5 (묵동)","서울특별시","중랑구","묵1동"
"BE_LiST31-0262","3060053","지자체","8읍면동_동","서울특별시","서울특별시 중랑구 묵2동주민센터","묵2동주민센터","02-2094-6440","02008","","서울특별시 중랑구 동일로157길 29 (묵동)","서울특별시","중랑구","묵2동"
"BE_LiST31-0263","3060047","지자체","8읍면동_동","서울특별시","서울특별시 중랑구 상봉1동주민센터","상봉1동주민센터","02-2094-6240","02091","","서울특별시 중랑구 상봉중앙로1길 6 (상봉동)","서울특별시","중랑구","상봉1동"
"BE_LiST31-0264","3060048","지자체","8읍면동_동","서울특별시","서울특별시 중랑구 상봉2동주민센터","상봉2동주민센터","02-2094-6280","02139","","서울특별시 중랑구 봉우재로 93-5 (상봉동)","서울특별시","중랑구","상봉2동"
"BE_LiST31-0265","3060057","지자체","8읍면동_동","서울특별시","서울특별시 중랑구 신내1동주민센터","신내1동주민센터","02-2094-6560","02068","","서울특별시 중랑구 용마산로129나길 35 (신내동)","서울특별시","중랑구","신내1동"
"BE_LiST31-0266","3060058","지자체","8읍면동_동","서울특별시","서울특별시 중랑구 신내2동주민센터","신내2동주민센터","02-2094-6600","02026","","서울특별시 중랑구 봉화산로 190 (신내동)","서울특별시","중랑구","신내2동"
"BE_LiST31-0267","3060049","지자체","8읍면동_동","서울특별시","서울특별시 중랑구 중화1동주민센터","중화1동주민센터","02-2094-6320","02088","","서울특별시 중랑구 동일로134길 17 (중화동)","서울특별시","중랑구","중화1동"
"BE_LiST31-0268","3060050","지자체","8읍면동_동","서울특별시","서울특별시 중랑구 중화2동주민센터","중화2동주민센터","02-2094-6360","02016","","서울특별시 중랑구 봉화산로3길 28 (중화동)","서울특별시","중랑구","중화2동"
"BE_LiST31-0269","3210057","지자체","8읍면동_동","서울특별시","서울특별시 서초구 내곡동주민센터","내곡동주민센터","02-2155-7934","06793","","서울특별시 서초구 염곡말길 9 (염곡동)","서울특별시","서초구","내곡동"
"BE_LiST31-0270","3210046","지자체","8읍면동_동","서울특별시","서울특별시 서초구 반포1동주민센터","반포1동주민센터","02-2155-7608","06544","","서울특별시 서초구 사평대로 273","서울특별시","서초구","반포1동"
"BE_LiST31-0271","3210047","지자체","8읍면동_동","서울특별시","서울특별시 서초구 반포2동주민센터","반포2동주민센터","02-2155-7626","06504","","서울특별시 서초구 신반포로15길 16","서울특별시","서초구","반포2동"
"BE_LiST31-0272","3210048","지자체","8읍면동_동","서울특별시","서울특별시 서초구 반포3동주민센터","반포3동주민센터","02-2155-7665","06510","","서울특별시 서초구 신반포로23길 78","서울특별시","서초구","반포3동"
"BE_LiST31-0273","3210049","지자체","8읍면동_동","서울특별시","서울특별시 서초구 반포4동주민센터","반포4동주민센터","02-2155-7701","06577","","서울특별시 서초구 사평대로28길","서울특별시","서초구","서초2동"
"BE_LiST31-0274","3210045","지자체","8읍면동_동","서울특별시","서울특별시 서초구 반포본동주민센터","반포본동주민센터","02-2155-7608","06548","","서울특별시 서초구 신반포로 10","서울특별시","서초구","반포본동"
"BE_LiST31-0453","6110987","지자체","도서관","서울특별시","서울특별시 서울시립대학교 중앙도서관","중앙도서관","02-6490-6525","02504","","서울특별시 동대문구 서울시립대로 163","서울특별시","동대문구","휘경2동"
"BE_LiST31-0369","3180046","지자체","8읍면동_동","서울특별시","서울특별시 영등포구 당산1동주민센터","당산1동주민센터","02-2670-1104","07259","","서울특별시 영등포구 양산로23길 11","서울특별시","영등포구","당산1동"
"BE_LiST31-0370","3180047","지자체","8읍면동_동","서울특별시","서울특별시 영등포구 당산2동주민센터","당산2동주민센터","02-2670-1129","07222","","서울특별시 영등포구 당산로235","서울특별시","영등포구","당산2동"
"BE_LiST31-0371","3180061","지자체","8읍면동_동","서울특별시","서울특별시 영등포구 대림1동주민센터","대림1동주민센터","02-2670-1379","07428","","서울특별시 영등포구 디지털로 441","서울특별시","영등포구","대림1동"
"BE_LiST31-0372","3180062","지자체","8읍면동_동","서울특별시","서울특별시 영등포구 대림2동주민센터","대림2동주민센터","02-2670-1399","07419","","서울특별시 영등포구 대림로23길 25","서울특별시","영등포구","대림2동"
"BE_LiST31-0373","3180063","지자체","8읍면동_동","서울특별시","서울특별시 영등포구 대림3동주민센터","대림3동주민센터","02-2670-1424","07412","","서울특별시 영등포구 대림로197","서울특별시","영등포구","대림3동"
"BE_LiST31-0374","3180154","지자체","8읍면동_동","서울특별시","서울특별시 영등포구 도림동주민센터","도림동주민센터","02-2670-1154","07373","","서울특별시 영등포구 도영로7길 10","서울특별시","영등포구","도림동"
"BE_LiST31-0375","3180155","지자체","8읍면동_동","서울특별시","서울특별시 영등포구 문래동주민센터","문래동주민센터","02-2670-1174","07297","","서울특별시 영등포구 문래로28길 15","서울특별시","영등포구","문래동"
"BE_LiST31-0376","3180054","지자체","8읍면동_동","서울특별시","서울특별시 영등포구 신길1동주민센터","신길1동주민센터","02-2670-1239","07356","","서울특별시 영등포구 영등포로84길 24-5","서울특별시","영등포구","신길1동"
"BE_LiST31-0377","3180056","지자체","8읍면동_동","서울특별시","서울특별시 영등포구 신길3동주민센터","신길3동주민센터","02-2670-1456","07384","","서울특별시 영등포구 신길로41라길 13-8","서울특별시","영등포구","신길3동"
"BE_LiST31-0378","3180057","지자체","8읍면동_동","서울특별시","서울특별시 영등포구 신길4동주민센터","신길4동주민센터","02-2670-1284","07347","","서울특별시 영등포구 신길로42길1","서울특별시","영등포구","신길4동"
"BE_LiST31-0379","3180058","지자체","8읍면동_동","서울특별시","서울특별시 영등포구 신길5동주민센터","신길5동주민센터","02-2670-1302","07398","","서울특별시 영등포구 도림로 264","서울특별시","영등포구","신길5동"
"BE_LiST31-0380","3180059","지자체","8읍면동_동","서울특별시","서울특별시 영등포구 신길6동주민센터","신길6동주민센터","02-2670-1458","07430","","서울특별시 영등포구 대방천로 169","서울특별시","영등포구","신길6동"
"BE_LiST31-0381","3180060","지자체","8읍면동_동","서울특별시","서울특별시 영등포구 신길7동주민센터","신길7동주민센터","02-2670-1354","07360","","서울특별시 영등포구 여의대방로43길 10","서울특별시","영등포구","신길7동"
"BE_LiST31-0382","3180052","지자체","8읍면동_동","서울특별시","서울특별시 영등포구 양평1동주민센터","양평1동주민센터","02-2670-1191","07272","","서울특별시 영등포구 영등포로11길 12","서울특별시","영등포구","양평1동"
"BE_LiST31-0383","3180053","지자체","8읍면동_동","서울특별시","서울특별시 영등포구 양평2동주민센터","양평2동주민센터","02-2670-1233","07206","","서울특별시 영등포구 양평로20길 8-1","서울특별시","영등포구","양평2동"
"BE_LiST31-0384","3180045","지자체","8읍면동_동","서울특별시","서울특별시 영등포구 여의동주민센터","여의동주민센터","02-2670-1079","07343","","서울특별시 영등포구 국제금융로 124","서울특별시","영등포구","여의동"
"BE_LiST31-0385","3180153","지자체","8읍면동_동","서울특별시","서울특별시 영등포구 영등포동주민센터","영등포동주민센터","02-2670-1450","07253","","서울특별시 영등포구 영등포로53길 22","서울특별시","영등포구","영등포동"
"BE_LiST31-0386","3180152","지자체","8읍면동_동","서울특별시","서울특별시 영등포구 영등포본동주민센터","영등포본동주민센터","02-2670-1024","07307","","서울특별시 영등포구신길로61길","서울특별시","중구","명동"
"BE_LiST31-0387","3020041","지자체","8읍면동_동","서울특별시","서울특별시 용산구 남영동주민센터","남영동주민센터","02-2199-8440","04335","","서울특별시 용산구 두텁바위로 25 (갈월동)","서울특별시","용산구","남영동"
"BE_LiST31-0388","3020058","지자체","8읍면동_동","서울특별시","서울특별시 용산구 보광동주민센터","보광동주민센터","02-2199-8700","04394","","서울특별시 용산구 장문로 95 (보광동)","서울특별시","용산구","보광동"
"BE_LiST31-0389","3020057","지자체","8읍면동_동","서울특별시","서울특별시 용산구 서빙고동주민센터","서빙고동주민센터","02-2199-8680","04398","","서울특별시 용산구 서빙고로 279 (서빙고동)","서울특별시","용산구","서빙고동"
"BE_LiST31-0390","3020047","지자체","8읍면동_동","서울특별시","서울특별시 용산구 용문동주민센터","용문동주민센터","02-2199-8540","04356","","서울특별시 용산구 새창로12길 13 (도원동)","서울특별시","용산구","용문동"
"BE_LiST31-0391","3020040","지자체","8읍면동_동","서울특별시","서울특별시 용산구 용산2가동주민센터","용산2가동주민센터","02-2199-8420","04339","","서울특별시 용산구 신흥로 90 (용산2가동)","서울특별시","용산구","용산2가동"
"BE_LiST31-0392","3020044","지자체","8읍면동_동","서울특별시","서울특별시 용산구 원효로1동주민센터","원효로1동주민센터","02-2199-8480","04368","","서울특별시 용산구 백범로 350 (문배동)","서울특별시","용산구","원효로1동"
"BE_LiST31-0393","3020045","지자체","8읍면동_동","서울특별시","서울특별시 용산구 원효로2동주민센터","원효로2동주민센터","02-2199-8500","04360","","서울특별시 용산구 효창원로8길 3 (산천동)","서울특별시","용산구","원효로2동"
"BE_LiST31-0394","3020051","지자체","8읍면동_동","서울특별시","서울특별시 용산구 이촌1동주민센터","이촌1동주민센터","02-2199-8580","04422","","서울특별시 용산구 이촌로71길 24 (이촌동)","서울특별시","용산구","이촌1동"
"BE_LiST31-0395","3020052","지자체","8읍면동_동","서울특별시","서울특별시 용산구 이촌2동주민센터","이촌2동주민센터","02-2199-8600","04374","","서울특별시 용산구 이촌로18길 20 (이촌동)","서울특별시","용산구","이촌2동"
"BE_LiST31-0396","3020053","지자체","8읍면동_동","서울특별시","서울특별시 용산구 이태원1동주민센터","이태원1동주민센터","02-2199-8620","04406","","서울특별시 용산구 보광로 104-6 (이태원동)","서울특별시","용산구","이태원1동"
"BE_LiST31-0342","3230061","지자체","8읍면동_동","서울특별시","서울특별시 송파구 잠실2동주민센터","잠실2동주민센터","02-2147-4630","05502","","서울특별시 송파구 올림픽로 159 (잠실동)","서울특별시","송파구","잠실2동"
"BE_LiST31-0343","3230062","지자체","8읍면동_동","서울특별시","서울특별시 송파구 잠실3동주민센터","잠실3동주민센터","02-2147-4660","05503","","서울특별시 송파구 잠실로 51-31 (잠실동)","서울특별시","송파구","잠실3동"
"BE_LiST31-0344","3230063","지자체","8읍면동_동","서울특별시","서울특별시 송파구 잠실4동주민센터","잠실4동주민센터","02-2147-4690","05507","","서울특별시 송파구 올림픽로35길 16 (신천동)","서울특별시","송파구","잠실4동"
"BE_LiST31-0345","3230065","지자체","8읍면동_동","서울특별시","서울특별시 송파구 잠실6동주민센터","잠실6동주민센터","02-2147-4720","05504","","서울특별시 송파구 올림픽로35길 120 (신천동)","서울특별시","송파구","잠실6동"
"BE_LiST31-0346","3230066","지자체","8읍면동_동","서울특별시","서울특별시 송파구 잠실7동주민센터","잠실7동주민센터","02-2147-4750","05572","","서울특별시 송파구 올림픽로4길 17 상가2층 (잠실동 아시아선수촌)","서울특별시","송파구","잠실7동"
"BE_LiST31-0347","3230059","지자체","8읍면동_동","서울특별시","서울특별시 송파구 잠실본동주민센터","잠실본동주민센터","02-2147-4600","05568","","서울특별시 송파구 백제고분로15길 9 (잠실동)","서울특별시","송파구","잠실본동"
"BE_LiST31-0348","3230099","지자체","8읍면동_동","서울특별시","서울특별시 송파구 장지동주민센터","장지동주민센터","02-2147-4570","05800","","서울특별시 송파구 새말로19길 6 (문정동)","서울특별시","송파구","장지동"
"BE_LiST31-0349","3230040","지자체","8읍면동_동","서울특별시","서울특별시 송파구 풍납1동주민센터","풍납1동주민센터","02-2147-4000","05511","","서울특별시 송파구 천호대로152길 7 (풍납동)","서울특별시","송파구","풍납1동"
"BE_LiST31-0350","3230041","지자체","8읍면동_동","서울특별시","서울특별시 송파구 풍납2동주민센터","풍납2동주민센터","02-2147-4030","05537","","서울특별시 송파구 토성로 64 (풍납동)","서울특별시","송파구","풍납2동"
"BE_LiST31-0351","3140039","지자체","8읍면동_동","서울특별시","서울특별시 양천구 목1동주민센터","목1동주민센터","02-2620-3492","07992","","서울특별시 양천구 목동서로 192 (목동)","서울특별시","양천구","목1동"
"BE_LiST31-0352","3140040","지자체","8읍면동_동","서울특별시","서울특별시 양천구 목2동주민센터","목2동주민센터","02-2620-3960","07972","","서울특별시 양천구 중앙본로 120 (목동)","서울특별시","양천구","신정6동"
"BE_LiST31-0353","3140041","지자체","8읍면동_동","서울특별시","서울특별시 양천구 목3동주민센터","목3동주민센터","02-2620-3980","07951","","서울특별시 양천구 목동중앙남로16나길 55 (목동)","서울특별시","양천구","목3동"
"BE_LiST31-0354","3140042","지자체","8읍면동_동","서울특별시","서울특별시 양천구 목4동주민센터","목4동주민센터","02-2620-4000","07967","","서울특별시 양천구 목동중앙로 25 (목동)","서울특별시","양천구","목4동"
"BE_LiST31-0355","3140043","지자체","8읍면동_동","서울특별시","서울특별시 양천구 목5동주민센터","목5동주민센터","02-2620-4020","07984","","서울특별시 양천구 목동서로 41 (목동)","서울특별시","양천구","신정6동"
"BE_LiST31-0356","3140045","지자체","8읍면동_동","서울특별시","서울특별시 양천구 신월1동주민센터","신월1동주민센터","02-2620-4050","08085","","서울특별시 양천구 중앙로32길 1 (신정동)","서울특별시","양천구","신정1동"
"BE_LiST31-0357","3140046","지자체","8읍면동_동","서울특별시","서울특별시 양천구 신월2동주민센터","신월2동주민센터","02-2620-4070","08014","","서울특별시 양천구 목동동로 154 (신정동)","서울특별시","양천구","신정2동"
"BE_LiST31-0358","3140047","지자체","8읍면동_동","서울특별시","서울특별시 양천구 신월3동주민센터","신월3동주민센터","02-2620-4090","08077","","서울특별시 양천구 중앙로 209 (신정동)","서울특별시","양천구","신정3동"
"BE_LiST31-0359","3140048","지자체","8읍면동_동","서울특별시","서울특별시 양천구 신월4동주민센터","신월4동주민센터","02-2620-4110","08024","","서울특별시 양천구 은행정로11가길 8 (신정동)","서울특별시","양천구","신정4동"
"BE_LiST31-0360","3140049","지자체","8읍면동_동","서울특별시","서울특별시 양천구 신월5동주민센터","신월5동주민센터","02-2620-4130","08094","","서울특별시 양천구 목동서로 353 (신정동)","서울특별시","양천구","신정6동"
"BE_LiST31-0361","3140050","지자체","8읍면동_동","서울특별시","서울특별시 양천구 신월6동주민센터","신월6동주민센터","02-2620-4150","08092","","서울특별시 양천구 목동동로 37 (신정동)","서울특별시","양천구","신정7동"
"BE_LiST31-0362","3140051","지자체","8읍면동_동","서울특별시","서울특별시 양천구 신월7동주민센터","신월7동주민센터","02-2620-4170","07920","","서울특별시 양천구 곰달래로1길 38 (신월동)","서울특별시","양천구","신월1동"
"BE_LiST31-0363","3140052","지자체","8읍면동_동","서울특별시","서울특별시 양천구 신정1동주민센터","신정1동주민센터","02-2620-4190","07936","","서울특별시 양천구 중앙로53길 47 (신월동)","서울특별시","양천구","신월2동"
"BE_LiST31-0364","3140053","지자체","8읍면동_동","서울특별시","서울특별시 양천구 신정2동주민센터","신정2동주민센터","02-2620-4210","07910","","서울특별시 양천구 남부순환로54길 5 (신월동)","서울특별시","양천구","신월3동"
"BE_LiST31-0365","3140054","지자체","8읍면동_동","서울특별시","서울특별시 양천구 신정3동주민센터","신정3동주민센터","02-2620-4230","07929","","서울특별시 양천구 오목동5길 34 (신월동)","서울특별시","양천구","신정6동"
"BE_LiST31-0366","3140055","지자체","8읍면동_동","서울특별시","서울특별시 양천구 신정4동주민센터","신정4동주민센터","02-2620-4250","07904","","서울특별시 양천구 화곡로4길 10 (신월동)","서울특별시","양천구","신월5동"
"BE_LiST31-0367","3140057","지자체","8읍면동_동","서울특별시","서울특별시 양천구 신정6동주민센터","신정6동주민센터","02-2620-4285","08068","","서울특별시 양천구 신남3길 6 (신월동)","서울특별시","양천구","신월6동"
"BE_LiST31-0368","3140058","지자체","8읍면동_동","서울특별시","서울특별시 양천구 신정7동주민센터","신정7동주민센터","02-2620-4305","08039","","서울특별시 양천구 남부순환로70길 16-3 (신월동)","서울특별시","양천구","신월7동"
"BE_LiST31-0397","3020054","지자체","8읍면동_동","서울특별시","서울특별시 용산구 이태원2동주민센터","이태원2동주민센터","02-2199-8640","04342","","서울특별시 용산구 회나무로13길 58 (이태원동)","서울특별시","용산구","이태원2동"
"BE_LiST31-0398","3020106","지자체","8읍면동_동","서울특별시","서울특별시 용산구 청파동주민센터","청파동주민센터","02-2199-8460","04309","","서울특별시 용산구 청파로49길 6 (청파동2가)","서울특별시","용산구","청파동"
"BE_LiST31-0399","3020107","지자체","8읍면동_동","서울특별시","서울특별시 용산구 한강로동주민센터","한강로동주민센터","02-2199-8560","04386","","서울특별시 용산구 한강대로38길 28 (한강로2가)","서울특별시","용산구","한강로동"
"BE_LiST31-0400","3020108","지자체","8읍면동_동","서울특별시","서울특별시 용산구 한남동주민센터","한남동주민센터","02-2199-8660","04400","","서울특별시 용산구 대사관로5길 1 (한남동)","서울특별시","용산구","한남동"
"BE_LiST31-0401","3020046","지자체","8읍면동_동","서울특별시","서울특별시 용산구 효창동주민센터","효창동주민센터","02-2199-8520","04311","","서울특별시 용산구 효창원로 161 (효창동)","서울특별시","용산구","효창동"
"BE_LiST31-0402","3020039","지자체","8읍면동_동","서울특별시","서울특별시 용산구 후암동주민센터","후암동주민센터","02-2199-8400","04331","","서울특별시 용산구 후암로 32-6 (후암동)","서울특별시","용산구","후암동"
"BE_LiST31-0403","3110042","지자체","8읍면동_동","서울특별시","서울특별시 은평구 갈현1동주민센터","갈현1동주민센터","02-351-5092","03318","","서울특별시 은평구 갈현로 301 (갈현동)","서울특별시","은평구","갈현1동"
"BE_LiST31-0404","3110043","지자체","8읍면동_동","서울특별시","서울특별시 은평구 갈현2동주민센터","갈현2동주민센터","02-351-5122","03332","","서울특별시 은평구 연서로27길 31-6 (갈현동)","서울특별시","은평구","갈현2동"
"BE_LiST31-0405","3110086","지자체","8읍면동_동","서울특별시","서울특별시 은평구 구산동주민센터","구산동주민센터","02-351-5152","03426","","서울특별시 은평구 갈현로17길 10 (구산동)","서울특별시","은평구","구산동"
"BE_LiST31-0406","3110038","지자체","8읍면동_동","서울특별시","서울특별시 은평구 녹번동주민센터","녹번동주민센터","02-351-5002","03384","","서울특별시 은평구 은평로 195 (녹번동)","서울특별시","은평구","녹번동"
"BE_LiST31-0407","3110044","지자체","8읍면동_동","서울특별시","서울특별시 은평구 대조동주민센터","대조동주민센터","02-351-5182","03389","","서울특별시 은평구 연서로20길 24-3 (대조동)","서울특별시","은평구","대조동"
"BE_LiST31-0408","3110039","지자체","8읍면동_동","서울특별시","서울특별시 은평구 불광1동주민센터","불광1동주민센터","02-351-5032","03368","","서울특별시 은평구 진흥로15길 10 (불광동)","서울특별시","은평구","불광1동"
"BE_LiST31-0409","3110040","지자체","8읍면동_동","서울특별시","서울특별시 은평구 불광2동주민센터","불광2동주민센터","02-351-5062","03338","","서울특별시 은평구 연서로41길 16 (불광동)","서울특별시","은평구","불광2동"
"BE_LiST31-0410","3110054","지자체","8읍면동_동","서울특별시","서울특별시 은평구 수색동주민센터","수색동주민센터","02-351-5422","03490","","서울특별시 은평구 은평터널로 27 (수색동)","서울특별시","은평구","수색동"
"BE_LiST31-0411","3110051","지자체","8읍면동_동","서울특별시","서울특별시 은평구 신사1동주민센터","신사1동주민센터","02-351-5332","03450","","서울특별시 은평구 은평로2길 2 (신사동)","서울특별시","은평구","신사1동"
"BE_LiST31-0412","3110052","지자체","8읍면동_동","서울특별시","서울특별시 은평구 신사2동주민센터","신사2동주민센터","02-351-5362","03447","","서울특별시 은평구 증산로15길 47 (신사동)","서울특별시","은평구","신사2동"
"BE_LiST31-0413","3110135","지자체","8읍면동_동","서울특별시","서울특별시 은평구 역촌동주민센터","역촌동주민센터","02-351-5302","03417","","서울특별시 은평구 연서로 59 (역촌동)","서울특별시","은평구","역촌동"
"BE_LiST31-0414","3110045","지자체","8읍면동_동","서울특별시","서울특별시 은평구 응암1동주민센터","응암1동주민센터","02-351-5212","03462","","서울특별시 은평구 백련산로 179 (응암동)","서울특별시","은평구","응암1동"
"BE_LiST31-0415","3110046","지자체","8읍면동_동","서울특별시","서울특별시 은평구 응암2동주민센터","응암2동주민센터","02-351-5242","03475","","서울특별시 은평구 백련산로 100 (응암동)","서울특별시","은평구","응암2동"
"BE_LiST31-0416","3110047","지자체","8읍면동_동","서울특별시","서울특별시 은평구 응암3동주민센터","응암3동주민센터","02-351-5272","03457","","서울특별시 은평구 불광천길410-17 (응암동)","서울특별시","은평구","불광1동"
"BE_LiST31-0417","3110053","지자체","8읍면동_동","서울특별시","서울특별시 은평구 증산동주민센터","증산동주민센터","02-351-5392","03498","","서울특별시 은평구 증산서길 89 (증산동)","서울특별시","은평구","증산동"
"BE_LiST31-0418","3110128","지자체","8읍면동_동","서울특별시","서울특별시 은평구 진관동주민센터","진관동주민센터","02-351-5452","03306","","서울특별시 은평구 진관2로 31 (진관동)","서울특별시","은평구","진관동"
"BE_LiST31-0419","3000049","지자체","8읍면동_동","서울특별시","서울특별시 종로구 가회동주민센터","가회동주민센터","02-2148-5213","03055","","서울특별시 종로구 북촌로 35 (가회동)","서울특별시","종로구","가회동"
"BE_LiST31-0420","3000047","지자체","8읍면동_동","서울특별시","서울특별시 종로구 교남동주민센터","교남동주민센터","02-2148-5184","03166","","서울특별시 종로구 송월길 154 (행촌동)","서울특별시","종로구","교남동"
"BE_LiST31-0421","3000046","지자체","8읍면동_동","서울특별시","서울특별시 종로구 무악동주민센터","무악동주민센터","02-2148-5153","03030","","서울특별시 종로구 통일로14길 36 (무악동)","서울특별시","종로구","무악동"
"BE_LiST31-0422","3000044","지자체","8읍면동_동","서울특별시","서울특별시 종로구 부암동주민센터","부암동주민센터","02-2148-5095","03022","","서울특별시 종로구 창의문로 145 (부암동)","서울특별시","종로구","부암동"
"BE_LiST31-0423","3000042","지자체","8읍면동_동","서울특별시","서울특별시 종로구 사직동주민센터","사직동주민센터","02-2148-5033","03027","","서울특별시 종로구 사직로9길 1 (사직동)","서울특별시","종로구","사직동"
"BE_LiST31-0454","6113329","지자체","박물관","서울특별시","서울특별시 상수도사업본부 뚝도아리수정수센터 수도박물관","수도박물관","02-3146-5921","04770","","서울특별시 성동구 왕십리로 27","서울특별시","성동구","성수1가1동"
"BE_LiST31-0455","3120098","지자체","박물관","서울특별시","서울특별시 서대문구 서대문자연사박물관","서대문자연사박물관","02-330-1731","03718","","서울특별시 서대문구 연희로32길51 (연희동)","서울특별시","서대문구","연희동"
"BE_LiST31-0456","6111345","지자체","박물관","서울특별시","서울특별시 서울시립대학교 박물관","박물관","02-6490-6586","02504","","서울특별시 동대문구 서울시립대로 163","서울특별시","동대문구","휘경2동"
"BE_LiST31-0457","6110569","지자체","박물관","서울특별시","서울특별시 서울역사박물관","서울역사박물관","02-724-0274","03177","","서울특별시 종로구 새문안로 55","서울특별시","종로구","사직동"
"BE_LiST31-0458","6113672","지자체","박물관","서울특별시","서울특별시 서울역사박물관 청계천박물관","청계천박물관","02-2286-3410","04704","","서울특별시 성동구 청계천로 530","서울특별시","성동구","마장동"
"BE_LiST31-0459","6113103","지자체","박물관","서울특별시","서울특별시 한성백제박물관","한성백제박물관","02-2152-5800","05540","","서울특별시 송파구 위례성대로 71","서울특별시","송파구","오륜동"
"BE_LiST31-0460","3220033","지자체","보건_보건소","서울특별시","서울특별시 강남구 보건소","보건소","02-3423-7199","06088","","서울특별시 강남구 선릉로 668","서울특별시","강남구","삼성2동"
"BE_LiST31-0461","3240033","지자체","보건_보건소","서울특별시","서울특별시 강동구 보건소","보건소","02-3425-8500","05397","","서울특별시 강동구 성내로 45 (성내동)","서울특별시","강동구","성내1동"
"BE_LiST31-0462","3080033","지자체","보건_보건소","서울특별시","서울특별시 강북구 보건소","보건소","02-901-7600","01145","","서울특별시 강북구 한천로 897","서울특별시","강북구","번2동"
"BE_LiST31-0463","3150037","지자체","보건_보건소","서울특별시","서울특별시 강서구 보건소","보건소","02-2600-5800","07560","","서울특별시 강서구 공항대로 561 (염창동)","서울특별시","강서구","염창동"
"BE_LiST31-0464","3200033","지자체","보건_보건소","서울특별시","서울특별시 관악구 보건소","보건소","02-879-7117","08832","","서울특별시 관악구 관악로 145","서울특별시","관악구","청룡동"
"BE_LiST31-0465","3040033","지자체","보건_보건소","서울특별시","서울특별시 광진구 보건소","보건소","02-450-1421","05026","","서울특별시 광진구 자양로 117 (자양동)","서울특별시","광진구","자양1동"
"BE_LiST31-0466","3160034","지자체","보건_보건소","서울특별시","서울특별시 구로구 보건소","보건소","02-860-3228","08299","","서울특별시 구로구 구로중앙로28길 66 (구로동)","서울특별시","구로구","구로5동"
"BE_LiST31-0467","3170035","지자체","보건_보건소","서울특별시","서울특별시 금천구 보건소","보건소","02-890-2421","08611","","서울특별시 금천구 시흥대로73길 70 (시흥동)","서울특별시","금천구","시흥1동"
"BE_LiST31-0468","3100034","지자체","보건_보건소","서울특별시","서울특별시 노원구 보건소","보건소","02-2116-4501","01689","","서울특별시 노원구 노해로 437 (상계동)","서울특별시","노원구","상계6.7동"
"BE_LiST31-0469","3090033","지자체","보건_보건소","서울특별시","서울특별시 도봉구 보건소","보건소","02-2091-6361","01395","","서울특별시 도봉구 방학로3길 117 (쌍문동)","서울특별시","도봉구","쌍문2동"
"BE_LiST31-0470","3050034","지자체","보건_보건소","서울특별시","서울특별시 동대문구 보건소","보건소","02-2127-5365","02565","","서울특별시 동대문구 천호대로 145 (용두동)","서울특별시","동대문구","용신동"
"BE_LiST31-0471","3190033","지자체","보건_보건소","서울특별시","서울특별시 동작구 보건소","보건소","02-820-1423","06963","","서울특별시 동작구 장승배기로10길 42","서울특별시","동작구","상도2동"
"BE_LiST31-0472","3130033","지자체","보건_보건소","서울특별시","서울특별시 마포구 보건소","보건소","02-3153-9010","03937","","서울특별시 마포구 월드컵로 212 (성산동)","서울특별시","마포구","성산2동"
"BE_LiST31-0473","3120033","지자체","보건_보건소","서울특별시","서울특별시 서대문구 보건소","보건소","02-390-4421","03718","","서울특별시 서대문구 연희로242 (연희동)","서울특별시","서대문구","연희동"
"BE_LiST31-0474","6111339","지자체","보건_보건소","서울특별시","서울특별시 서울시립대학교 대학보건소","대학보건소","02-6490-6591","02504","","서울특별시 동대문구 서울시립대로 163","서울특별시","동대문구","휘경2동"
"BE_LiST31-0475","3060034","지자체","보건_보건소","서울특별시","서울특별시 중랑구 보건소","보건소","02-2094-0710","02043","","서울특별시 중랑구 봉화산로 179 (신내동)","서울특별시","중랑구","신내2동"
"BE_LiST31-0476","3210034","지자체","보건_보건소","서울특별시","서울특별시 서초구 보건소","보건소","02-2155-8114","06637","","서울특별시 서초구 사임당로 89 (서초동)","서울특별시","서초구","서초1동"
"BE_LiST31-0477","3030033","지자체","보건_보건소","서울특별시","서울특별시 성동구 보건소","보건소","02-2286-7000","04706","","서울특별시 성동구 마장로 23길 10 (홍익동)","서울특별시","성동구","왕십리도선동"
"BE_LiST31-0478","3070034","지자체","보건_보건소","서울특별시","서울특별시 성북구 보건소","보건소","02-2241-5900","02751","","서울특별시 성북구 화랑로 63 (월곡동)","서울특별시","성북구","월곡2동"
"BE_LiST31-0479","3230034","지자체","보건_보건소","서울특별시","서울특별시 송파구 보건소","보건소","02-410-3420","05552","","서울특별시 송파구 올림픽로 326 (신천동)","서울특별시","송파구","잠실6동"
"BE_LiST31-0480","3140033","지자체","보건_보건소","서울특별시","서울특별시 양천구 보건소","보건소","02-2620-3847","08095","","서울특별시 양천구 목동서로 339 (신정동)","서울특별시","양천구","신정6동"
"BE_LiST31-0481","3180034","지자체","보건_보건소","서울특별시","서울특별시 영등포구 보건소","보건소","02-2670-3000","07260","","서울특별시 영등포구 당산로 123","서울특별시","영등포구","당산1동"
"BE_LiST31-0482","3020033","지자체","보건_보건소","서울특별시","서울특별시 용산구 보건소","보건소","02-2199-8012","04390","","서울특별시 용산구 녹사평대로 150 (이태원동)","서울특별시","용산구","이태원1동"
"BE_LiST31-0483","3110032","지자체","보건_보건소","서울특별시","서울특별시 은평구 보건소","보건소","02-351-8114","03384","","서울특별시 은평구 은평로 195 (녹번동)","서울특별시","은평구","녹번동"
"BE_LiST31-0340","3230048","지자체","8읍면동_동","서울특별시","서울특별시 송파구 오륜동주민센터","오륜동주민센터","02-2147-4240","05649","","서울특별시 송파구 양재대로 1232 (오륜동)","서울특별시","송파구","오륜동"
"BE_LiST31-0341","3230250","지자체","8읍면동_동","서울특별시","서울특별시 송파구 위례동주민센터","위례동주민센터","02-2147-4950","05848","","서울특별시 송파구 위례광장로 163 (위례동)","서울특별시","송파구","장지동"
"BE_LiST31-0424","3000043","지자체","8읍면동_동","서울특별시","서울특별시 종로구 삼청동주민센터","삼청동주민센터","02-2148-5062","03049","","서울특별시 종로구 삼청로 107 (삼청동)","서울특별시","종로구","삼청동"
"BE_LiST31-0425","3000059","지자체","8읍면동_동","서울특별시","서울특별시 종로구 숭인1동주민센터","숭인1동주민센터","02-2148-5483","03108","","서울특별시 종로구 지봉로 86 (숭인동)","서울특별시","종로구","숭인1동"
"BE_LiST31-0426","3000060","지자체","8읍면동_동","서울특별시","서울특별시 종로구 숭인2동주민센터","숭인2동주민센터","02-2148-5513","03112","","서울특별시 종로구 종로65길 10 (숭인동)","서울특별시","종로구","숭인2동"
"BE_LiST31-0427","3000053","지자체","8읍면동_동","서울특별시","서울특별시 종로구 이화동주민센터","이화동주민센터","02-2148-5304","03087","","서울특별시 종로구 이화장길 33 (이화동)","서울특별시","종로구","이화동"
"BE_LiST31-0428","3000090","지자체","8읍면동_동","서울특별시","서울특별시 종로구 종로1.2.3.4가동주민센터","종로1.2.3.4가동주민센터","02-2148-5243","03140","","서울특별시 종로구 종로17길 8 (종로2가)","서울특별시","종로구","종로1.2.3.4가동"
"BE_LiST31-0429","3000091","지자체","8읍면동_동","서울특별시","서울특별시 종로구 종로5.6가동주민센터","종로5.6가동주민센터","02-2148-5273","03126","","서울특별시 종로구 종로35가길 19 (효제동)","서울특별시","종로구","종로5.6가동"
"BE_LiST31-0430","3000056","지자체","8읍면동_동","서울특별시","서울특별시 종로구 창신1동주민센터","창신1동주민센터","02-2148-5392","03118","","서울특별시 종로구 지봉로 8-6 (창신동)","서울특별시","종로구","창신1동"
"BE_LiST31-0431","3000057","지자체","8읍면동_동","서울특별시","서울특별시 종로구 창신2동주민센터","창신2동주민센터","02-2148-5423","03102","","서울특별시 종로구 창신길 62 (창신동)","서울특별시","종로구","창신2동"
"BE_LiST31-0432","3000058","지자체","8읍면동_동","서울특별시","서울특별시 종로구 창신3동주민센터","창신3동주민센터","02-2148-5453","03095","","서울특별시 종로구 지봉로 87 (창신동)","서울특별시","종로구","창신3동"
"BE_LiST31-0433","3000136","지자체","8읍면동_동","서울특별시","서울특별시 종로구 청운효자동주민센터","청운효자동주민센터","02-2148-5002","03047","","서울특별시 종로구 자하문로 92 (궁정동)","서울특별시","종로구","청운효자동"
"BE_LiST31-0434","3000045","지자체","8읍면동_동","서울특별시","서울특별시 종로구 평창동주민센터","평창동주민센터","02-2148-5122","03009","","서울특별시 종로구 평창문화로 65 (평창동)","서울특별시","종로구","평창동"
"BE_LiST31-0435","3000054","지자체","8읍면동_동","서울특별시","서울특별시 종로구 혜화동주민센터","혜화동주민센터","02-2148-5334","03076","","서울특별시 종로구 혜화로 12 (혜화동)","서울특별시","종로구","혜화동"
"BE_LiST31-0436","3010047","지자체","8읍면동_동","서울특별시","서울특별시 중구 광희동주민센터","광희동주민센터","02-3396-6650","04560","","서울특별시 중구 퇴계로 303-9 (광희동1가)","서울특별시","중구","광희동"
"BE_LiST31-0437","3010142","지자체","8읍면동_동","서울특별시","서울특별시 중구 다산동주민센터","다산동주민센터","02-3396-6740","04604","","서울특별시 중구 동호로15길 50 (신당2동)","서울특별시","중구","다산동"
"BE_LiST31-0438","3010145","지자체","8읍면동_동","서울특별시","서울특별시 중구 동화동주민센터","동화동주민센터","02-3396-6860","04587","","서울특별시 중구 다산로36길 100 (신당6동)","서울특별시","중구","동화동"
"BE_LiST31-0439","3010043","지자체","8읍면동_동","서울특별시","서울특별시 중구 명동주민센터","명동주민센터","02-3396-6560","04629","","서울특별시 중구 퇴계로20길 3 (남산동 2가)","서울특별시","중구","명동"
"BE_LiST31-0440","3010087","지자체","8읍면동_동","서울특별시","서울특별시 중구 소공동주민센터","소공동주민센터","02-3396-6500","04526","","서울특별시 중구 남대문로1길 31-5 (북창동)","서울특별시","중구","소공동"
"BE_LiST31-0441","3010053","지자체","8읍면동_동","서울특별시","서울특별시 중구 신당5동주민센터","신당5동주민센터","02-3396-6830","04578","","서울특별시 중구 다산로44길 85 (신당5동)","서울특별시","중구","신당5동"
"BE_LiST31-0442","3010141","지자체","8읍면동_동","서울특별시","서울특별시 중구 신당동주민센터","신당동주민센터","02-3396-6710","04610","","서울특별시 중구 다산로 211 (신당동)","서울특별시","중구","신당동"
"BE_LiST31-0443","3010143","지자체","8읍면동_동","서울특별시","서울특별시 중구 약수동주민센터","약수동주민센터","02-3396-6770","04597","","서울특별시 중구 다산로 92 (신당3동)","서울특별시","중구","약수동"
"BE_LiST31-0444","3010095","지자체","8읍면동_동","서울특별시","서울특별시 중구 을지로동주민센터","을지로동주민센터","02-3396-6680","04543","","서울특별시 중구 충무로9길 19 (을지로3가)","서울특별시","중구","을지로동"
"BE_LiST31-0445","3010046","지자체","8읍면동_동","서울특별시","서울특별시 중구 장충동주민센터","장충동주민센터","02-3396-6620","04606","","서울특별시 중구 장충단로8길 22 (장충동1가)","서울특별시","중구","장충동"
"BE_LiST31-0446","3010056","지자체","8읍면동_동","서울특별시","서울특별시 중구 중림동주민센터","중림동주민센터","02-3396-6920","04506","","서울특별시 중구 서소문로6길 16 (중림동)","서울특별시","중구","중림동"
"BE_LiST31-0447","3010144","지자체","8읍면동_동","서울특별시","서울특별시 중구 청구동주민센터","청구동주민센터","02-3396-6800","04591","","서울특별시 중구 청구로3길 55 (신당4동)","서울특별시","중구","청구동"
"BE_LiST31-0448","3010045","지자체","8읍면동_동","서울특별시","서울특별시 중구 필동주민센터","필동주민센터","02-3396-6590","04626","","서울특별시 중구 퇴계로36길 42 (필동2가)","서울특별시","중구","필동"
"BE_LiST31-0449","3010055","지자체","8읍면동_동","서울특별시","서울특별시 중구 황학동주민센터","황학동주민센터","02-3396-6890","04575","","서울특별시 중구 황학동 난계로11길 52 (황학동)","서울특별시","중구","황학동"
"BE_LiST31-0450","3010042","지자체","8읍면동_동","서울특별시","서울특별시 중구 회현동주민센터","회현동주민센터","02-3396-6530","04635","","서울특별시 중구 퇴계로8길 46 (회현동1가)","서울특별시","중구","회현동"
"BE_LiST31-0451","6110179","지자체","기술센터","서울특별시","서울특별시 농업기술센터","농업기술센터","02-459-8992","06795","","서울특별시 서초구 헌인릉1길 83-9","서울특별시","서초구","내곡동"
"BE_LiST31-0452","6113159","지자체","도서관","서울특별시","서울특별시 서울도서관","서울도서관","02-2133-0300","04524","","서울특별시 중구 세종대로 110","서울특별시","중구","명동"
"BE_LiST31-0517","6111664","지자체","소방_소방서","서울특별시","서울특별시 은평소방서","은평소방서","02-355-0119","03311","","서울특별시 은평구 통일로 962","서울특별시","은평구","진관동"
"BE_LiST31-0518","6110571","지자체","소방_소방서","서울특별시","서울특별시 종로소방서","종로소방서","02-730-0119","03153","","서울특별시 종로구 종로1길 28","서울특별시","종로구","종로1.2.3.4가동"
"BE_LiST31-0519","6110590","지자체","소방_소방서","서울특별시","서울특별시 중랑소방서","중랑소방서","02-3423-0119","02024","","서울특별시 중랑구 신내로 183","서울특별시","중랑구","신내2동"
"BE_LiST31-0520","6110572","지자체","소방_소방서","서울특별시","서울특별시 중부소방서","중부소방서","02-2234-0119","04611","","서울특별시 중구 퇴계로 394","서울특별시","중구","신당동"
"BE_LiST31-0202","3050046","지자체","8읍면동_동","서울특별시","서울특별시 동대문구 전농2동주민센터","전농2동주민센터","02-2171-6143","02507","","서울특별시 동대문구 사가정로 137 (전농동)","서울특별시","동대문구","전농2동"
"BE_LiST31-0203","3050131","지자체","8읍면동_동","서울특별시","서울특별시 동대문구 제기동주민센터","제기동주민센터","02-2171-6063","02478","","서울특별시 동대문구 약령시로 71 (제기동)","서울특별시","동대문구","제기동"
"BE_LiST31-0204","3050119","지자체","8읍면동_동","서울특별시","서울특별시 동대문구 청량리동주민센터","청량리동주민센터","02-2171-6363","02487","","서울특별시 동대문구 왕산로43다길 5 (청량리동)","서울특별시","동대문구","청량리동"
"BE_LiST31-0205","3050060","지자체","8읍면동_동","서울특별시","서울특별시 동대문구 회기동주민센터","회기동주민센터","02-2171-6403","02452","","서울특별시 동대문구 회기로25길 12-1 (회기동)","서울특별시","동대문구","회기동"
"BE_LiST31-0206","3050061","지자체","8읍면동_동","서울특별시","서울특별시 동대문구 휘경1동주민센터","휘경1동주민센터","02-2171-6423","02433","","서울특별시 동대문구 외대역동로6길 3 (휘경동)","서울특별시","동대문구","휘경1동"
"BE_LiST31-0207","3050062","지자체","8읍면동_동","서울특별시","서울특별시 동대문구 휘경2동주민센터","휘경2동주민센터","02-2171-6443","02502","","서울특별시 동대문구 한천로 329 (휘경동)","서울특별시","동대문구","휘경2동"
"BE_LiST31-0208","3190039","지자체","8읍면동_동","서울특별시","서울특별시 동작구 노량진1동주민센터","노량진1동주민센터","02-815-1164","06924","","서울특별시 동작구 장승배기로28길 30","서울특별시","동작구","노량진1동"
"BE_LiST31-0209","3190040","지자체","8읍면동_동","서울특별시","서울특별시 동작구 노량진2동주민센터","노량진2동주민센터","02-812-0903","06935","","서울특별시 동작구 장승배기로19길 48","서울특별시","동작구","노량진2동"
"BE_LiST31-0210","3190056","지자체","8읍면동_동","서울특별시","서울특별시 동작구 대방동주민센터","대방동주민센터","02-820-2996","06944","","서울특별시 동작구 여의대방로44길 20","서울특별시","동작구","대방동"
"BE_LiST31-0211","3190051","지자체","8읍면동_동","서울특별시","서울특별시 동작구 사당1동주민센터","사당1동주민센터","02-582-8582","07013","","서울특별시 동작구 동작대로17길 28","서울특별시","동작구","사당1동"
"BE_LiST31-0212","3190052","지자체","8읍면동_동","서울특별시","서울특별시 동작구 사당2동주민센터","사당2동주민센터","02-820-2992","06997","","서울특별시 동작구 동작대로29길 52","서울특별시","동작구","사당2동"
"BE_LiST31-0213","3190053","지자체","8읍면동_동","서울특별시","서울특별시 동작구 사당3동주민센터","사당3동주민센터","02-820-2993","07005","","서울특별시 동작구 사당로17길 86","서울특별시","동작구","사당3동"
"BE_LiST31-0214","3190054","지자체","8읍면동_동","서울특별시","서울특별시 동작구 사당4동주민센터","사당4동주민센터","02-585-0050","07018","","서울특별시 동작구 사당로16아길 6","서울특별시","동작구","사당4동"
"BE_LiST31-0215","3190055","지자체","8읍면동_동","서울특별시","서울특별시 동작구 사당5동주민센터","사당5동주민센터","02-820-2995","07030","","서울특별시 동작구 사당로2가길 219","서울특별시","동작구","사당5동"
"BE_LiST31-0216","3190041","지자체","8읍면동_동","서울특별시","서울특별시 동작구 상도1동주민센터","상도1동주민센터","02-815-3084","06971","","서울특별시 동작구 상도로53길 9","서울특별시","동작구","상도1동"
"BE_LiST31-0217","3190042","지자체","8읍면동_동","서울특별시","서울특별시 동작구 상도2동주민센터","상도2동주민센터","02-814-3755","06921","","서울특별시 동작구 상도로 211","서울특별시","동작구","상도2동"
"BE_LiST31-0218","3190043","지자체","8읍면동_동","서울특별시","서울특별시 동작구 상도3동주민센터","상도3동주민센터","02-822-1005","07042","","서울특별시 동작구 성대로2길 11","서울특별시","동작구","상도3동"
"BE_LiST31-0219","3190044","지자체","8읍면동_동","서울특별시","서울특별시 동작구 상도4동주민센터","상도4동주민센터","02-823-0859","06961","","서울특별시 동작구 성대로29길 53","서울특별시","동작구","상도4동"
"BE_LiST31-0220","3190057","지자체","8읍면동_동","서울특별시","서울특별시 동작구 신대방1동주민센터","신대방1동주민센터","02-820-2997","07067","","서울특별시 동작구 신대방길72","서울특별시","동작구","신대방1동"
"BE_LiST31-0221","3190058","지자체","8읍면동_동","서울특별시","서울특별시 동작구 신대방2동주민센터","신대방2동주민센터","02-821-1008","07056","","서울특별시 동작구 여의대방로24길 106","서울특별시","동작구","신대방2동"
"BE_LiST31-0222","3190113","지자체","8읍면동_동","서울특별시","서울특별시 동작구 흑석동주민센터","흑석동주민센터","02-815-1046","06982","","서울특별시 동작구 흑석한강로 11","서울특별시","동작구","흑석동"
"BE_LiST31-0223","3130135","지자체","8읍면동_동","서울특별시","서울특별시 마포구 공덕동주민센터","공덕동주민센터","02-3153-6500","04208","","서울특별시 마포구 만리재옛길 84 (공덕동)","서울특별시","마포구","공덕동"
"BE_LiST31-0224","3130048","지자체","8읍면동_동","서울특별시","서울특별시 마포구 대흥동주민센터","대흥동주민센터","02-3153-6620","04103","","서울특별시 마포구 신촌로 26길 10 (노고산동)","서울특별시","마포구","대흥동"
"BE_LiST31-0225","3130123","지자체","8읍면동_동","서울특별시","서울특별시 마포구 도화동주민센터","도화동주민센터","02-3153-6560","04168","","서울특별시 마포구 도화길 37 (도화동)","서울특별시","마포구","도화동"
"BE_LiST31-0311","3070145","지자체","8읍면동_동","서울특별시","서울특별시 성북구 석관동주민센터","석관동주민센터","02-2241-5760","02781","","서울특별시 성북구 화랑로 296 (석관동)","서울특별시","성북구","석관동"
"BE_LiST31-0312","3070141","지자체","8읍면동_동","서울특별시","서울특별시 성북구 성북동주민센터","성북동주민센터","02-2241-5000","02880","","서울특별시 성북구 성북로 37 (성북동)","서울특별시","성북구","성북동"
"BE_LiST31-0283","3210043","지자체","8읍면동_동","서울특별시","서울특별시 서초구 서초4동주민센터","서초4동주민센터","02-2155-7518","06609","","서울특별시 서초구 서운로26길 3","서울특별시","서초구","서초4동"
"BE_LiST31-0284","3210055","지자체","8읍면동_동","서울특별시","서울특별시 서초구 양재1동주민센터","양재1동주민센터","02-2155-7890","06762","","서울특별시 서초구 바우뫼로41 (우면동)","서울특별시","서초구","양재1동"
"BE_LiST31-0285","3210056","지자체","8읍면동_동","서울특별시","서울특별시 서초구 양재2동주민센터","양재2동주민센터","02-2155-7944","06779","","서울특별시 서초구 강남대로12길 44","서울특별시","서초구","양재2동"
"BE_LiST31-0286","3210044","지자체","8읍면동_동","서울특별시","서울특별시 서초구 잠원동주민센터","잠원동주민센터","02-2155-7552","06523","","서울특별시 서초구 나루터로 38","서울특별시","서초구","잠원동"
"BE_LiST31-0287","3030048","지자체","8읍면동_동","서울특별시","서울특별시 성동구 금호1가동주민센터","금호1가동주민센터","02-2286-7341","04721","","서울특별시 성동구 행당로 15 (금호동1가)","서울특별시","성동구","금호1가동"
"BE_LiST31-0288","3030120","지자체","8읍면동_동","서울특별시","서울특별시 성동구 금호2-3가동주민센터","금호2-3가동주민센터","02-2286-7361","04728","","서울특별시 성동구 무수막18길 1 (금호동2가)","서울특별시","성동구","금호2.3가동"
"BE_LiST31-0289","3030051","지자체","8읍면동_동","서울특별시","서울특별시 성동구 금호4가동주민센터","금호4가동주민센터","02-2286-7381","04738","","서울특별시 성동구 독서당로46길 26 (금호동4가)","서울특별시","성동구","금호4가동"
"BE_LiST31-0290","3030043","지자체","8읍면동_동","서울특별시","서울특별시 성동구 마장동주민센터","마장동주민센터","02-2286-7241","04757","","서울특별시 성동구 마장로42길 11 (마장동)","서울특별시","성동구","마장동"
"BE_LiST31-0291","3030044","지자체","8읍면동_동","서울특별시","서울특별시 성동구 사근동주민센터","사근동주민센터","02-2286-7261","04761","","서울특별시 성동구 사근동길 45-8 (사근동)","서울특별시","성동구","사근동"
"BE_LiST31-0292","3030054","지자체","8읍면동_동","서울특별시","서울특별시 성동구 성수1가1동주민센터","성수1가1동주민센터","02-2286-7421","04780","","서울특별시 성동구 뚝섬로3길 18 (성수동1가)","서울특별시","성동구","성수1가1동"
"BE_LiST31-0293","3030055","지자체","8읍면동_동","서울특별시","서울특별시 성동구 성수1가2동주민센터","성수1가2동주민센터","02-2286-7441","04768","","서울특별시 성동구 왕십리로5길 3 (성수동1가)","서울특별시","성동구","성수1가2동"
"BE_LiST31-0294","3030056","지자체","8읍면동_동","서울특별시","서울특별시 성동구 성수2가1동주민센터","성수2가1동주민센터","02-2286-7461","04781","","서울특별시 성동구 뚝섬로 385-19 (성수동2가)","서울특별시","성동구","성수2가1동"
"BE_LiST31-0295","3030057","지자체","8읍면동_동","서울특별시","서울특별시 성동구 성수2가3동주민센터","성수2가3동주민센터","02-2286-7481","04792","","서울특별시 성동구 광나루로2길 35 (성수동2가)","서울특별시","성동구","성수2가3동"
"BE_LiST31-0296","3030058","지자체","8읍면동_동","서울특별시","서울특별시 성동구 송정동주민센터","송정동주민센터","02-2286-7501","04800","","서울특별시 성동구 동일로43길 13 (송정동)","서울특별시","성동구","송정동"
"BE_LiST31-0297","3030119","지자체","8읍면동_동","서울특별시","서울특별시 성동구 옥수동주민센터","옥수동주민센터","02-2286-7401","04732","","서울특별시 성동구 독서당로 205-1 (옥수동)","서울특별시","성동구","옥수동"
"BE_LiST31-0298","3030041","지자체","8읍면동_동","서울특별시","서울특별시 성동구 왕십리2동주민센터","왕십리2동주민센터","02-2286-7221","04710","","서울특별시 성동구 무학봉길 69 (하왕십리동)","서울특별시","성동구","왕십리2동"
"BE_LiST31-0299","3030117","지자체","8읍면동_동","서울특별시","서울특별시 성동구 왕십리도선동주민센터","왕십리도선동주민센터","02-2286-7201","04700","","서울특별시 성동구 마장로 141 (상왕십리동)","서울특별시","성동구","왕십리도선동"
"BE_LiST31-0300","3030059","지자체","8읍면동_동","서울특별시","서울특별시 성동구 용답동주민센터","용답동주민센터","02-2286-7521","04805","","서울특별시 성동구 용답중앙23길 20 (용답동)","서울특별시","성동구","용답동"
"BE_LiST31-0301","3030047","지자체","8읍면동_동","서울특별시","서울특별시 성동구 응봉동주민센터","응봉동주민센터","02-2286-7321","04741","","서울특별시 성동구 독서당로 424 (응봉동)","서울특별시","성동구","응봉동"
"BE_LiST31-0302","3030045","지자체","8읍면동_동","서울특별시","서울특별시 성동구 행당1동주민센터","행당1동주민센터","02-2286-7281","04745","","서울특별시 성동구 고산자로10길 18 (행당동)","서울특별시","성동구","행당1동"
"BE_LiST31-0303","3030046","지자체","8읍면동_동","서울특별시","서울특별시 성동구 행당2동주민센터","행당2동주민센터","02-2286-7301","04713","","서울특별시 성동구 행당로9길 9 (행당동)","서울특별시","성동구","행당2동"
"BE_LiST31-0304","3070055","지자체","8읍면동_동","서울특별시","서울특별시 성북구 길음1동주민센터","길음1동주민센터","02-2241-5440","02724","","서울특별시 성북구 길음로 92 (길음동)","서울특별시","성북구","길음1동"
"BE_LiST31-0305","3070146","지자체","8읍면동_동","서울특별시","서울특별시 성북구 길음제2동주민센터","길음제2동주민센터","02-2241-5480","02732","","서울특별시 성북구 삼양로2길 70 (길음동)","서울특별시","성북구","길음2동"
"BE_LiST31-0306","3070047","지자체","8읍면동_동","서울특별시","서울특별시 성북구 돈암1동주민센터","돈암1동주민센터","02-2241-5120","02801","","서울특별시 성북구 정릉로 394 (돈암동)","서울특별시","성북구","돈암1동"
"BE_LiST31-0275","3210051","지자체","8읍면동_동","서울특별시","서울특별시 서초구 방배1동주민센터","방배1동주민센터","02-2155-7741","06683","","서울특별시 서초구 효령로29길 43","서울특별시","서초구","방배1동"
"BE_LiST31-0276","3210052","지자체","8읍면동_동","서울특별시","서울특별시 서초구 방배2동주민센터","방배2동주민센터","02-2155-7789","06690","","서울특별시 서초구 청두곶길 36","서울특별시","서초구","방배2동"
"BE_LiST31-0277","3210053","지자체","8읍면동_동","서울특별시","서울특별시 서초구 방배3동주민센터","방배3동주민센터","02-2155-7817","06704","","서울특별시 서초구 방배로10길 10-20","서울특별시","서초구","방배3동"
"BE_LiST31-0278","3210054","지자체","8읍면동_동","서울특별시","서울특별시 서초구 방배4동주민센터","방배4동주민센터","02-2155-7850","06572","","서울특별시 서초구 방배로173 (방배동)","서울특별시","서초구","방배4동"
"BE_LiST31-0279","3210050","지자체","8읍면동_동","서울특별시","서울특별시 서초구 방배본동주민센터","방배본동주민센터","02-2155-7728","06557","","서울특별시 서초구 동광로19길 38 (","서울특별시","서초구","방배본동"
"BE_LiST31-0280","3210040","지자체","8읍면동_동","서울특별시","서울특별시 서초구 서초1동주민센터","서초1동주민센터","02-2155-7421","06637","","서울특별시 서초구 사임당로 89","서울특별시","서초구","서초1동"
"BE_LiST31-0281","3210041","지자체","8읍면동_동","서울특별시","서울특별시 서초구 서초2동주민센터","서초2동주민센터","02-2155-7451","06624","","서울특별시 서초구 서초대로 70길 51","서울특별시","서초구","서초2동"
"BE_LiST31-0147","3160059","지자체","8읍면동_동","서울특별시","서울특별시 구로구 수궁동주민센터","수궁동주민센터","02-2620-7650","08256","","서울특별시 구로구 오리로15길 32 (수궁동주민센터))","서울특별시","구로구","수궁동"
"BE_LiST31-0148","3160041","지자체","8읍면동_동","서울특별시","서울특별시 구로구 신도림동주민센터","신도림동주민센터","02-2620-7100","08211","","서울특별시 구로구 신도림로 40 (신도림동주민센터)","서울특별시","구로구","신도림동"
"BE_LiST31-0149","3160057","지자체","8읍면동_동","서울특별시","서울특별시 구로구 오류1동주민센터","오류1동주민센터","02-2620-7450","08267","","서울특별시 구로구 경인로 221 (오류1동주민센터))","서울특별시","구로구","오류1동"
"BE_LiST31-0150","3160058","지자체","8읍면동_동","서울특별시","서울특별시 구로구 오류2동주민센터","오류2동주민센터","02-2620-7550","08342","","서울특별시 구로구 오류로 45 (오류2동주민센터)","서울특별시","구로구","오류2동"
"BE_LiST31-0151","3170042","지자체","8읍면동_동","서울특별시","서울특별시 금천구 가산동주민센터","가산동주민센터","02-839-0941","08516","","서울특별시 금천구 가산로 129 (가산동)","서울특별시","금천구","가산동"
"BE_LiST31-0152","3170043","지자체","8읍면동_동","서울특별시","서울특별시 금천구 독산1동주민센터","독산1동주민센터","02-839-1831","08523","","서울특별시 금천구 시흥대로123길 11 (독산동)","서울특별시","금천구","독산1동"
"BE_LiST31-0153","3170044","지자체","8읍면동_동","서울특별시","서울특별시 금천구 독산2동주민센터","독산2동주민센터","02-809-4861","08617","","서울특별시 금천구 범안로 1240 (독산동)","서울특별시","금천구","독산2동"
"BE_LiST31-0154","3170045","지자체","8읍면동_동","서울특별시","서울특별시 금천구 독산3동주민센터","독산3동주민센터","02-857-4171","08541","","서울특별시 금천구 독산로 317 (독산동)","서울특별시","금천구","독산3동"
"BE_LiST31-0155","3170046","지자체","8읍면동_동","서울특별시","서울특별시 금천구 독산4동주민센터","독산4동주민센터","02-839-5911","08558","","서울특별시 금천구 독산로 232 (독산동)","서울특별시","금천구","독산4동"
"BE_LiST31-0156","3170049","지자체","8읍면동_동","서울특별시","서울특별시 금천구 시흥1동주민센터","시흥1동주민센터","02-805-7841","08628","","서울특별시 금천구 시흥대로58길 36 (시흥동)","서울특별시","금천구","시흥1동"
"BE_LiST31-0157","3170050","지자체","8읍면동_동","서울특별시","서울특별시 금천구 시흥2동주민센터","시흥2동주민센터","02-896-6141","08645","","서울특별시 금천구 금하로 764 (시흥동. 금천종합복지타운)","서울특별시","금천구","시흥2동"
"BE_LiST31-0158","3170051","지자체","8읍면동_동","서울특별시","서울특별시 금천구 시흥3동주민센터","시흥3동주민센터","02-891-8770","08653","","서울특별시 금천구 시흥대로18길 40 (시흥동)","서울특별시","금천구","시흥3동"
"BE_LiST31-0159","3170052","지자체","8읍면동_동","서울특별시","서울특별시 금천구 시흥4동주민센터","시흥4동주민센터","02-896-6051","08569","","서울특별시 금천구 독산로36길 14 (시흥동)","서울특별시","금천구","시흥4동"
"BE_LiST31-0160","3170053","지자체","8읍면동_동","서울특별시","서울특별시 금천구 시흥5동주민센터","시흥5동주민센터","02-809-3911","08573","","서울특별시 금천구 금하로21길 20 (시흥동)","서울특별시","금천구","시흥5동"
"BE_LiST31-0161","3100189","지자체","8읍면동_동","서울특별시","서울특별시 노원구 공릉1동주민센터","공릉1동주민센터","02-2116-2511","01844","","서울특별시 노원구 동일로186길 3-24 (공릉동)","서울특별시","노원구","공릉1동"
"BE_LiST31-0162","3100045","지자체","8읍면동_동","서울특별시","서울특별시 노원구 공릉2동주민센터","공릉2동주민센터","02-2116-2545","01823","","서울특별시 노원구 노원로1길 68 (공릉동)","서울특별시","노원구","공릉2동"
"BE_LiST31-0163","3100063","지자체","8읍면동_동","서울특별시","서울특별시 노원구 상계10동주민센터","상계10동주민센터","02-2116-2966","01676","","서울특별시 노원구 노원로 530 (상계동)","서울특별시","노원구","상계10동"
"BE_LiST31-0164","3100054","지자체","8읍면동_동","서울특별시","서울특별시 노원구 상계1동주민센터","상계1동주민센터","02-2116-2756","01604","","서울특별시 노원구 동일로 1697 (상계동)","서울특별시","노원구","상계1동"
"BE_LiST31-0165","3100055","지자체","8읍면동_동","서울특별시","서울특별시 노원구 상계2동주민센터","상계2동주민센터","02-2116-2782","01684","","서울특별시 노원구 상계로23길 17 (상계동)","서울특별시","노원구","상계2동"
"BE_LiST31-0166","3100128","지자체","8읍면동_동","서울특별시","서울특별시 노원구 상계3.4동주민센터","상계3.4동주민센터","02-2116-2812","01633","","서울특별시 노원구 덕릉로 859 (상계동)","서울특별시","노원구","상계3.4동"
"BE_LiST31-0167","3100058","지자체","8읍면동_동","서울특별시","서울특별시 노원구 상계5동주민센터","상계5동주민센터","02-2116-2841","01667","","서울특별시 노원구 한글비석로 434 (상계동)","서울특별시","노원구","상계5동"
"BE_LiST31-0168","3100129","지자체","8읍면동_동","서울특별시","서울특별시 노원구 상계6.7동주민센터","상계6.7동주민센터","02-2116-2870","01752","","서울특별시 노원구 노원로 429 (상계동)","서울특별시","노원구","상계6.7동"
"BE_LiST31-0169","3100061","지자체","8읍면동_동","서울특별시","서울특별시 노원구 상계8동주민센터","상계8동주민센터","02-2116-2903","01619","","서울특별시 노원구 동일로227길 97 (상계동)","서울특별시","노원구","상계8동"
"BE_LiST31-0170","3100062","지자체","8읍면동_동","서울특별시","서울특별시 노원구 상계9동주민센터","상계9동주민센터","02-2116-2935","01678","","서울특별시 노원구 한글비석로 487 (상계동)","서울특별시","노원구","상계9동"
"BE_LiST31-0171","3100040","지자체","8읍면동_동","서울특별시","서울특별시 노원구 월계1동주민센터","월계1동주민센터","02-2116-2417","01896","","서울특별시 노원구 석계로 59 (월계동)","서울특별시","노원구","월계1동"
"BE_LiST31-0172","3100041","지자체","8읍면동_동","서울특별시","서울특별시 노원구 월계2동주민센터","월계2동주민센터","02-2116-2450","01868","","서울특별시 노원구 초안산로5길 28 (월계동)","서울특별시","노원구","월계2동"
"BE_LiST31-0173","3100042","지자체","8읍면동_동","서울특별시","서울특별시 노원구 월계3동주민센터","월계3동주민센터","02-2116-2482","01911","","서울특별시 노원구 마들로 57 (월계동)","서울특별시","노원구","월계3동"
"BE_LiST31-0174","3100050","지자체","8읍면동_동","서울특별시","서울특별시 노원구 중계1동주민센터","중계1동주민센터","02-2116-2663","01713","","서울특별시 노원구 한글비석로 279 (중계동)","서울특별시","노원구","중계1동"
"BE_LiST31-0060","3240055","지자체","8읍면동_동","서울특별시","서울특별시 강동구 성내3동주민센터","성내3동주민센터","02-3425-7820","05405","","서울특별시 강동구 강동대로53길 76 (성내동)","서울특별시","강동구","성내3동"
"BE_LiST31-0061","3240045","지자체","8읍면동_동","서울특별시","서울특별시 강동구 암사1동주민센터","암사1동주민센터","02-3425-7580","05262","","서울특별시 강동구 올림픽로98가길 57 (암사동)","서울특별시","강동구","암사1동"
"BE_LiST31-0062","3240046","지자체","8읍면동_동","서울특별시","서울특별시 강동구 암사2동주민센터","암사2동주민센터","02-3425-7610","05241","","서울특별시 강동구 상암로3길 28 (암사동)","서울특별시","강동구","암사2동"
"BE_LiST31-0063","3240047","지자체","8읍면동_동","서울특별시","서울특별시 강동구 암사3동주민센터","암사3동주민센터","02-3425-7640","05236","","서울특별시 강동구 고덕로 137 (암사동)","서울특별시","강동구","암사3동"
"BE_LiST31-0064","3240049","지자체","8읍면동_동","서울특별시","서울특별시 강동구 천호1동주민센터","천호1동주민센터","02-3425-7670","05312","","서울특별시 강동구 구천면로42길 59 (천호동)","서울특별시","강동구","천호1동"
"BE_LiST31-0065","3240050","지자체","8읍면동_동","서울특별시","서울특별시 강동구 천호2동주민센터","천호2동주민센터","02-3425-7700","05327","","서울특별시 강동구 올림픽로 698 (천호동)","서울특별시","강동구","천호2동"
"BE_LiST31-0066","3240051","지자체","8읍면동_동","서울특별시","서울특별시 강동구 천호3동주민센터","천호3동주민센터","02-3425-7730","05334","","서울특별시 강동구 진황도로23길 7 (천호동)","서울특별시","강동구","천호3동"
"BE_LiST31-0067","3080126","지자체","8읍면동_동","서울특별시","서울특별시 강북구 미아동주민센터","미아동주민센터","02-901-2024","01133","","서울특별시 강북구 솔매로49길 14 1층","서울특별시","강북구","미아동"
"BE_LiST31-0068","3080049","지자체","8읍면동_동","서울특별시","서울특별시 강북구 번1동주민센터","번1동주민센터","02-901-2064","01064","","서울특별시 강북구 덕릉로41길 74","서울특별시","강북구","번1동"
"BE_LiST31-0069","3080050","지자체","8읍면동_동","서울특별시","서울특별시 강북구 번2동주민센터","번2동주민센터","02-901-2072","01145","","서울특별시 강북구 한천로 897","서울특별시","강북구","번2동"
"BE_LiST31-0070","3080051","지자체","8읍면동_동","서울특별시","서울특별시 강북구 번3동주민센터","번3동주민센터","02-901-2084","01230","","서울특별시 강북구 한천로105길 21","서울특별시","강북구","번3동"
"BE_LiST31-0071","3080129","지자체","8읍면동_동","서울특별시","서울특별시 강북구 삼각산동주민센터","삼각산동주민센터","02-901-2052","01196","","서울특별시 강북구 삼양로19길 102","서울특별시","강북구","삼각산동"
"BE_LiST31-0072","3080125","지자체","8읍면동_동","서울특별시","서울특별시 강북구 삼양동주민센터","삼양동주민센터","02-901-2014","01121","","서울특별시 강북구 삼양로 268","서울특별시","강북구","삼양동"
"BE_LiST31-0073","3080127","지자체","8읍면동_동","서울특별시","서울특별시 강북구 송중동주민센터","송중동주민센터","02-901-2232","01233","","서울특별시 강북구 오패산로 162","서울특별시","강북구","송중동"
"BE_LiST31-0074","3080128","지자체","8읍면동_동","서울특별시","서울특별시 강북구 송천동주민센터","송천동주민센터","02-901-2042","01202","","서울특별시 강북구 솔샘로 284","서울특별시","강북구","송천동"
"BE_LiST31-0075","3080052","지자체","8읍면동_동","서울특별시","서울특별시 강북구 수유1동주민센터","수유1동주민센터","02-901-2094","01103","","서울특별시 강북구 삼양로 299","서울특별시","강북구","수유1동"
"BE_LiST31-0076","3080053","지자체","8읍면동_동","서울특별시","서울특별시 강북구 수유2동주민센터","수유2동주민센터","02-901-2104","01040","","서울특별시 강북구 한천로 1117","서울특별시","강북구","수유2동"
"BE_LiST31-0077","3080054","지자체","8읍면동_동","서울특별시","서울특별시 강북구 수유3동주민센터","수유3동주민센터","02-901-2112","01072","","서울특별시 강북구 노해로 36","서울특별시","강북구","수유3동"
"BE_LiST31-0078","3080130","지자체","8읍면동_동","서울특별시","서울특별시 강북구 우이동주민센터","우이동주민센터","02-901-2123","01011","","서울특별시 강북구 삼양로139길 49","서울특별시","강북구","우이동"
"BE_LiST31-0079","3080131","지자체","8읍면동_동","서울특별시","서울특별시 강북구 인수동주민센터","인수동주민센터","02-901-2132","01021","","서울특별시 강북구 인수봉로 255","서울특별시","강북구","인수동"
"BE_LiST31-0080","3150056","지자체","8읍면동_동","서울특별시","서울특별시 강서구 가양1동주민센터","가양1동주민센터","02-2600-7785","07529","","서울특별시 강서구 허준로 30 (가양동)","서울특별시","강서구","가양1동"
"BE_LiST31-0081","3150057","지자체","8읍면동_동","서울특별시","서울특별시 강서구 가양2동주민센터","가양2동주민센터","02-2600-7825","07525","","서울특별시 강서구 허준로 93 (가양동)","서울특별시","강서구","가양2동"
"BE_LiST31-0111","3200159","지자체","8읍면동_동","서울특별시","서울특별시 관악구 신림동주민센터","신림동주민센터","02-879-4501","08707","","서울특별시 관악구 신림동길 14","서울특별시","관악구","신림동"
"BE_LiST31-0112","3200160","지자체","8읍면동_동","서울특별시","서울특별시 관악구 신사동주민센터","신사동주민센터","02-879-4531","08762","","서울특별시 관악구 조원로 142","서울특별시","관악구","신사동"
"BE_LiST31-0113","3200165","지자체","8읍면동_동","서울특별시","서울특별시 관악구 신원동주민센터","신원동주민센터","02-879-4711","08774","","서울특별시 관악구 신원로3길 13-6","서울특별시","관악구","신원동"
"BE_LiST31-0114","3200151","지자체","8읍면동_동","서울특별시","서울특별시 관악구 은천동주민센터","은천동주민센터","02-879-4231","08750","","서울특별시 관악구 봉천로33나길 30","서울특별시","관악구","은천동"
"BE_LiST31-0115","3200158","지자체","8읍면동_동","서울특별시","서울특별시 관악구 인헌동주민센터","인헌동주민센터","02-879-4441","08793","","서울특별시 관악구 남부순환로246가길 20","서울특별시","관악구","인헌동"
"BE_LiST31-0116","3200161","지자체","8읍면동_동","서울특별시","서울특별시 관악구 조원동주민센터","조원동주민센터","02-879-4561","08766","","서울특별시 관악구 조원로12길 25","서울특별시","관악구","조원동"
"BE_LiST31-0117","3200153","지자체","8읍면동_동","서울특별시","서울특별시 관악구 중앙동주민센터","중앙동주민센터","02-879-4291","08746","","서울특별시 관악구 양녕로6다길 7","서울특별시","관악구","중앙동"
"BE_LiST31-0118","3200156","지자체","8읍면동_동","서울특별시","서울특별시 관악구 청룡동주민센터","청룡동주민센터","02-879-4381","08830","","서울특별시 관악구 쏙고개로 44","서울특별시","관악구","청룡동"
"BE_LiST31-0119","3200154","지자체","8읍면동_동","서울특별시","서울특별시 관악구 청림동주민센터","청림동주민센터","02-879-4321","08730","","서울특별시 관악구 관악로 40길 39","서울특별시","관악구","청림동"
"BE_LiST31-0120","3200155","지자체","8읍면동_동","서울특별시","서울특별시 관악구 행운동주민센터","행운동주민센터","02-879-4351","08739","","서울특별시 관악구 행운1길 43","서울특별시","관악구","행운동"
"BE_LiST31-0121","3040047","지자체","8읍면동_동","서울특별시","서울특별시 광진구 광장동주민센터","광장동주민센터","02-450-1509","04968","","서울특별시 광진구 광장로 52 (광장동)","서울특별시","광진구","광장동"
"BE_LiST31-0122","3040053","지자체","8읍면동_동","서울특별시","서울특별시 광진구 구의1동주민센터","구의1동주민센터","02-450-1506","05038","","서울특별시 광진구 광나루로36길 56 (구의동)","서울특별시","광진구","구의1동"
"BE_LiST31-0123","3040054","지자체","8읍면동_동","서울특별시","서울특별시 광진구 구의2동주민센터","구의2동주민센터","02-450-1507","04979","","서울특별시 광진구 천호대로136길 55 (구의동)","서울특별시","광진구","구의2동"
"BE_LiST31-0124","3040055","지자체","8읍면동_동","서울특별시","서울특별시 광진구 구의3동주민센터","구의3동주민센터","02-450-1508","05047","","서울특별시 광진구 강변역로 17 (구의동)","서울특별시","광진구","구의3동"
"BE_LiST31-0125","3040041","지자체","8읍면동_동","서울특별시","서울특별시 광진구 군자동주민센터","군자동주민센터","02-450-1516","04996","","서울특별시 광진구 군자로 151 (군자동)","서울특별시","광진구","군자동"
"BE_LiST31-0126","3040046","지자체","8읍면동_동","서울특별시","서울특별시 광진구 능동주민센터","능동주민센터","02-450-1505","04989","","서울특별시 광진구 천호대로112길 55 (능동)","서울특별시","광진구","능동"
"BE_LiST31-0127","3040048","지자체","8읍면동_동","서울특별시","서울특별시 광진구 자양1동주민센터","자양1동주민센터","02-450-1510","05058","","서울특별시 광진구 자양로13길 37 (자양동)","서울특별시","광진구","자양1동"
"BE_LiST31-0128","3040049","지자체","8읍면동_동","서울특별시","서울특별시 광진구 자양2동주민센터","자양2동주민센터","02-450-1511","05106","","서울특별시 광진구 자양로3가길 26 (자양동)","서울특별시","광진구","자양2동"
"BE_LiST31-0129","3040050","지자체","8읍면동_동","서울특별시","서울특별시 광진구 자양3동주민센터","자양3동주민센터","02-450-1512","05091","","서울특별시 광진구 뚝섬로 568 (자양동)","서울특별시","광진구","자양3동"
"BE_LiST31-0130","3040123","지자체","8읍면동_동","서울특별시","서울특별시 광진구 자양제4동주민센터","자양제4동주민센터","02-450-1513","05084","","서울특별시 광진구 뚝섬로 26길 58 (자양동)","서울특별시","광진구","자양4동"
"BE_LiST31-0131","3040042","지자체","8읍면동_동","서울특별시","서울특별시 광진구 중곡1동주민센터","중곡1동주민센터","02-450-1501","04915","","서울특별시 광진구 긴고랑로12길 49 (중곡동)","서울특별시","광진구","중곡1동"
"BE_LiST31-0132","3040043","지자체","8읍면동_동","서울특별시","서울특별시 광진구 중곡2동주민센터","중곡2동주민센터","02-450-1502","04927","","서울특별시 광진구 능동로 345 (중곡2동)","서울특별시","광진구","중곡1동"
"BE_LiST31-0133","3040044","지자체","8읍면동_동","서울특별시","서울특별시 광진구 중곡3동주민센터","중곡3동주민센터","02-450-1503","04905","","서울특별시 광진구 동일로 76가길 28 (중곡동)","서울특별시","광진구","중곡3동"
"BE_LiST31-0134","3040045","지자체","8읍면동_동","서울특별시","서울특별시 광진구 중곡4동주민센터","중곡4동주민센터","02-450-1504","04944","","서울특별시 광진구 긴고랑로 131 (중곡4동)","서울특별시","광진구","중곡4동"
"BE_LiST31-0135","3040040","지자체","8읍면동_동","서울특별시","서울특별시 광진구 화양동주민센터","화양동주민센터","02-450-1515","05010","","서울특별시 광진구 능동로17길 39 (화양동)","서울특별시","광진구","화양동"
"BE_LiST31-0136","3160144","지자체","8읍면동_동","서울특별시","서울특별시 구로구 가리봉동주민센터","가리봉동주민센터","02-2620-7700","08389","","서울특별시 구로구 디지털로26길 5 (가리봉동주민센터)","서울특별시","구로구","구로3동"
"BE_LiST31-0137","3160053","지자체","8읍면동_동","서울특별시","서울특별시 구로구 개봉1동주민센터","개봉1동주민센터","02-2620-7150","08237","","서울특별시 구로구 경인로 33길 51 (개봉1동주민센터)","서울특별시","구로구","개봉1동"
"BE_LiST31-0138","3160054","지자체","8읍면동_동","서울특별시","서울특별시 구로구 개봉2동주민센터","개봉2동주민센터","02-2620-7250","08332","","서울특별시 구로구 개봉로16가길 17 (개봉2동주민센터)","서울특별시","구로구","개봉2동"
"BE_LiST31-0139","3160055","지자체","8읍면동_동","서울특별시","서울특별시 구로구 개봉3동주민센터","개봉3동주민센터","02-2620-7350","08353","","서울특별시 구로구 개봉로3길 47-5 (개봉3동주민센터)","서울특별시","구로구","개봉3동"
"BE_LiST31-0140","3160051","지자체","8읍면동_동","서울특별시","서울특별시 구로구 고척1동주민센터","고척1동주민센터","02-2620-7800","08225","","서울특별시 구로구 중앙로3길 18-8 (고척1동주민센터)","서울특별시","구로구","고척1동"
"BE_LiST31-0141","3160052","지자체","8읍면동_동","서울특별시","서울특별시 구로구 고척2동주민센터","고척2동주민센터","02-2620-7900","08240","","서울특별시 구로구 중앙로15길 22 (고척2동주민센터)","서울특별시","구로구","고척2동"
"BE_LiST31-0142","3160042","지자체","8읍면동_동","서울특별시","서울특별시 구로구 구로1동주민센터","구로1동주민센터","02-2620-7200","08324","","서울특별시 구로구 구일로4길 57 (구로1동주민센터)","서울특별시","구로구","구로1동"
"BE_LiST31-0143","3160043","지자체","8읍면동_동","서울특별시","서울특별시 구로구 구로2동주민센터","구로2동주민센터","02-2620-7300","08309","","서울특별시 구로구 구로동로 141 (구로2동주민센터))","서울특별시","구로구","구로2동"
"BE_LiST31-0144","3160044","지자체","8읍면동_동","서울특별시","서울특별시 구로구 구로3동주민센터","구로3동주민센터","02-2620-7400","08376","","서울특별시 구로구 디지털로31길 109 (구로동3동주민센터)","서울특별시","구로구","구로3동"
"BE_LiST31-0145","3160045","지자체","8읍면동_동","서울특별시","서울특별시 구로구 구로4동주민센터","구로4동주민센터","02-2620-7500","08312","","서울특별시 구로구 구로동로28길 94 (구로동4동주민센터)","서울특별시","구로구","구로4동"
"BE_LiST31-0146","3160046","지자체","8읍면동_동","서울특별시","서울특별시 구로구 구로5동주민센터","구로5동주민센터","02-2620-7600","08299","","서울특별시 구로구 구로중앙로28길 66 (구로5동주민센터)","서울특별시","구로구","구로5동"
"BE_LiST31-0082","3150058","지자체","8읍면동_동","서울특별시","서울특별시 강서구 가양3동주민센터","가양3동주민센터","02-2600-7865","07532","","서울특별시 강서구 허준로 202 (가양동)","서울특별시","강서구","가양3동"
"BE_LiST31-0083","3150061","지자체","8읍면동_동","서울특별시","서울특별시 강서구 공항동주민센터","공항동주민센터","02-2600-7935","07627","","서울특별시 강서구 송정로 45 (공항동)","서울특별시","강서구","공항동"
"BE_LiST31-0084","3150044","지자체","8읍면동_동","서울특별시","서울특별시 강서구 등촌1동주민센터","등촌1동주민센터","02-2600-7365","07569","","서울특별시 강서구 공항대로53가길 55 (등촌동)","서울특별시","강서구","등촌1동"
"BE_LiST31-0085","3150045","지자체","8읍면동_동","서울특별시","서울특별시 강서구 등촌2동주민센터","등촌2동주민센터","02-2600-7395","07671","","서울특별시 강서구 등촌 143 (등촌동)","서울특별시","강서구","등촌2동"
"BE_LiST31-0086","3150046","지자체","8읍면동_동","서울특별시","서울특별시 강서구 등촌3동주민센터","등촌3동주민센터","02-2600-7445","07588","","서울특별시 강서구 화곡로63길 96 (등촌동)","서울특별시","강서구","등촌3동"
"BE_LiST31-0087","3150059","지자체","8읍면동_동","서울특별시","서울특별시 강서구 발산1동주민센터","발산1동주민센터","02-2600-7895","07633","","서울특별시 강서구 강서로47길 54 (내발산동)","서울특별시","강서구","발산1동"
"BE_LiST31-0088","3150062","지자체","8읍면동_동","서울특별시","서울특별시 강서구 방화1동주민센터","방화1동주민센터","02-2600-7975","07604","","서울특별시 강서구 방화동로 124-1 (방화동)","서울특별시","강서구","방화1동"
"BE_LiST31-0089","3150063","지자체","8읍면동_동","서울특별시","서울특별시 강서구 방화2동주민센터","방화2동주민센터","02-2600-5235","07612","","서울특별시 강서구 개화동로 23길 20 (방화동)","서울특별시","강서구","방화2동"
"BE_LiST31-0175","3100133","지자체","8읍면동_동","서울특별시","서울특별시 노원구 중계23동주민센터","중계23동주민센터","02-2116-2695","01787","","서울특별시 노원구 노원로17길 56 (중계동)","서울특별시","노원구","중계2.3동"
"BE_LiST31-0176","3100053","지자체","8읍면동_동","서울특별시","서울특별시 노원구 중계4동주민센터","중계4동주민센터","02-2116-2721","01717","","서울특별시 노원구 덕릉로82길 50 (중계동)","서울특별시","노원구","중계4동"
"BE_LiST31-0177","3100049","지자체","8읍면동_동","서울특별시","서울특별시 노원구 중계본동주민센터","중계본동주민센터","02-2116-2632","01739","","서울특별시 노원구 중계로 143 (중계동)","서울특별시","노원구","중계본동"
"BE_LiST31-0178","3100047","지자체","8읍면동_동","서울특별시","서울특별시 노원구 하계1동주민센터","하계1동주민센터","02-2116-2570","01791","","서울특별시 노원구 노원로 261 (하계동)","서울특별시","노원구","하계1동"
"BE_LiST31-0179","3100048","지자체","8읍면동_동","서울특별시","서울특별시 노원구 하계2동주민센터","하계2동주민센터","02-2116-2601","01863","","서울특별시 노원구 공릉로55길 88 (하계동)","서울특별시","노원구","하계2동"
"BE_LiST31-0180","3090045","지자체","8읍면동_동","서울특별시","서울특별시 도봉구 도봉1동주민센터","도봉1동주민센터","02-2091-5893","01306","","서울특별시 도봉구 도봉로169나길 22 (도봉동)","서울특별시","도봉구","도봉1동"
"BE_LiST31-0181","3090046","지자체","8읍면동_동","서울특별시","서울특별시 도봉구 도봉2동주민센터","도봉2동주민센터","02-2091-5894","01300","","서울특별시 도봉구 마들로 668 (도봉동)","서울특별시","도봉구","도봉2동"
"BE_LiST31-0182","3090051","지자체","8읍면동_동","서울특별시","서울특별시 도봉구 방학1동주민센터","방학1동주민센터","02-2091-5885","01345","","서울특별시 도봉구 방학로2길 27 (방학동)","서울특별시","도봉구","방학1동"
"BE_LiST31-0183","3090052","지자체","8읍면동_동","서울특별시","서울특별시 도봉구 방학2동주민센터","방학2동주민센터","02-2091-5886","01347","","서울특별시 도봉구 시루봉로 226 (방학동)","서울특별시","도봉구","방학2동"
"BE_LiST31-0184","3090053","지자체","8읍면동_동","서울특별시","서울특별시 도봉구 방학3동주민센터","방학3동주민센터","02-2091-5667","01382","","서울특별시 도봉구 시루봉로 94 (방학동)","서울특별시","도봉구","방학3동"
"BE_LiST31-0185","3090047","지자체","8읍면동_동","서울특별시","서울특별시 도봉구 쌍문1동주민센터","쌍문1동주민센터","02-2091-5881","01381","","서울특별시 도봉구 노해로 147 (쌍문동)","서울특별시","도봉구","쌍문1동"
"BE_LiST31-0186","3090048","지자체","8읍면동_동","서울특별시","서울특별시 도봉구 쌍문2동주민센터","쌍문2동주민센터","02-2091-5882","01395","","서울특별시 도봉구 방학로3길 117 (쌍문동)","서울특별시","도봉구","쌍문2동"
"BE_LiST31-0187","3090049","지자체","8읍면동_동","서울특별시","서울특별시 도봉구 쌍문3동주민센터","쌍문3동주민센터","02-2091-5883","01445","","서울특별시 도봉구 노해로44길 9 (쌍문동)","서울특별시","도봉구","쌍문3동"
"BE_LiST31-0188","3090050","지자체","8읍면동_동","서울특별시","서울특별시 도봉구 쌍문4동주민센터","쌍문4동주민센터","02-2091-5884","01429","","서울특별시 도봉구 시루봉로 62-7 ( 쌍문동)","서울특별시","도봉구","쌍문4동"
"BE_LiST31-0189","3090040","지자체","8읍면동_동","서울특별시","서울특별시 도봉구 창1동주민센터","창1동주민센터","02-2091-5888","01421","","서울특별시 도봉구 해등로 46 (창동)","서울특별시","도봉구","창1동"
"BE_LiST31-0190","3090041","지자체","8읍면동_동","서울특별시","서울특별시 도봉구 창2동주민센터","창2동주민센터","02-2091-5889","01466","","서울특별시 도봉구 덕릉로59길 73-3 (창동)","서울특별시","도봉구","창2동"
"BE_LiST31-0191","3090042","지자체","8읍면동_동","서울특별시","서울특별시 도봉구 창3동주민센터","창3동주민센터","02-2091-5890","01487","","서울특별시 도봉구 덕릉로62길 89 (창동)","서울특별시","도봉구","창3동"
"BE_LiST31-0192","3090043","지자체","8읍면동_동","서울특별시","서울특별시 도봉구 창4동주민센터","창4동주민센터","02-2091-5891","01418","","서울특별시 도봉구 노해로 390 (창동)","서울특별시","도봉구","창4동"
"BE_LiST31-0193","3090044","지자체","8읍면동_동","서울특별시","서울특별시 도봉구 창5동주민센터","창5동주민센터","02-2091-5892","01400","","서울특별시 도봉구 도봉로136나길 20 (창동)","서울특별시","도봉구","창5동"
"BE_LiST31-0194","3050049","지자체","8읍면동_동","서울특별시","서울특별시 동대문구 답십리1동주민센터","답십리1동주민센터","02-2171-6222","02603","","서울특별시 동대문구 고미술로 12 (답십리동 혜민빌딩23층)","서울특별시","동대문구","답십리1동"
"BE_LiST31-0195","3050050","지자체","8읍면동_동","서울특별시","서울특별시 동대문구 답십리2동주민센터","답십리2동주민센터","02-2171-6243","02616","","서울특별시 동대문구 한천로11길 18 (답십리동)","서울특별시","동대문구","답십리2동"
"BE_LiST31-0196","3050134","지자체","8읍면동_동","서울특별시","서울특별시 동대문구 용신동주민센터","용신동주민센터","02-2171-6023","02567","","서울특별시 동대문구 천호대로27길 35 (용두동)","서울특별시","동대문구","용신동"
"BE_LiST31-0197","3050063","지자체","8읍면동_동","서울특별시","서울특별시 동대문구 이문1동주민센터","이문1동주민센터","02-2171-6463","02426","","서울특별시 동대문구 외대역동로 114-1 (이문동)","서울특별시","동대문구","이문1동"
"BE_LiST31-0198","3050064","지자체","8읍면동_동","서울특별시","서울특별시 동대문구 이문2동주민센터","이문2동주민센터","02-2171-6502","02409","","서울특별시 동대문구 신이문로 27-5 (이문동)","서울특별시","동대문구","이문2동"
"BE_LiST31-0199","3050054","지자체","8읍면동_동","서울특별시","서울특별시 동대문구 장안1동주민센터","장안1동주민센터","02-2171-6283","02628","","서울특별시 동대문구 한천로18길 52 (장안동)","서울특별시","동대문구","장안1동"
"BE_LiST31-0200","3050055","지자체","8읍면동_동","서울특별시","서울특별시 동대문구 장안2동주민센터","장안2동주민센터","02-2171-6346","02526","","서울특별시 동대문구 사가정로 230-1 (장안동)","서울특별시","동대문구","장안2동"
"BE_LiST31-0201","3050045","지자체","8읍면동_동","서울특별시","서울특별시 동대문구 전농1동주민센터","전농1동주민센터","02-2171-6103","02558","","서울특별시 동대문구 서울시립대로9길 21 (전농동)","서울특별시","동대문구","전농1동"
"BE_LiST31-0090","3150064","지자체","8읍면동_동","서울특별시","서울특별시 강서구 방화3동주민센터","방화3동주민센터","02-2600-5275","07511","","서울특별시 강서구 금낭화로24길 5 (방화동)","서울특별시","강서구","방화3동"
"BE_LiST31-0091","3150043","지자체","8읍면동_동","서울특별시","서울특별시 강서구 염창동주민센터","염창동주민센터","02-2600-7335","07535","","서울특별시 강서구 양천로67가길 63 (염창동)","서울특별시","강서구","염창동"
"BE_LiST31-0092","3150114","지자체","8읍면동_동","서울특별시","서울특별시 강서구 우장산동주민센터","우장산동주민센터","02-2600-7745","07690","","서울특별시 강서구 우현로 34 (화곡동)","서울특별시","강서구","우장산동"
"BE_LiST31-0093","3150047","지자체","8읍면동_동","서울특별시","서울특별시 강서구 화곡1동주민센터","화곡1동주민센터","02-2600-7525","07772","","서울특별시 강서구 곰달래로 79 (화곡동)","서울특별시","강서구","화곡1동"
"BE_LiST31-0094","3150048","지자체","8읍면동_동","서울특별시","서울특별시 강서구 화곡2동주민센터","화곡2동주민센터","02-2600-7555","07750","","서울특별시 강서구 곰달래로37길 13 (화곡동)","서울특별시","강서구","화곡2동"
"BE_LiST31-0095","3150049","지자체","8읍면동_동","서울특별시","서울특별시 강서구 화곡3동주민센터","화곡3동주민센터","02-2600-7585","07713","","서울특별시 강서구 강서로33가길 17 (화곡동)","서울특별시","강서구","화곡3동"
"BE_LiST31-0096","3150050","지자체","8읍면동_동","서울특별시","서울특별시 강서구 화곡4동주민센터","화곡4동주민센터","02-2600-7635","07740","","서울특별시 강서구 곰달래로57가길 26 (화곡동)","서울특별시","강서구","화곡4동"
"BE_LiST31-0097","3150053","지자체","8읍면동_동","서울특별시","서울특별시 강서구 화곡6동주민센터","화곡6동주민센터","02-2600-7665","07658","","서울특별시 강서구 화곡로 312 (화곡동)","서울특별시","강서구","화곡6동"
"BE_LiST31-0098","3150055","지자체","8읍면동_동","서울특별시","서울특별시 강서구 화곡8동주민센터","화곡8동주민센터","02-2600-7705","07757","","서울특별시 강서구 곰달래로25길 45 (화곡동)","서울특별시","강서구","화곡8동"
"BE_LiST31-0099","3150052","지자체","8읍면동_동","서울특별시","서울특별시 강서구 화곡본동주민센터","화곡본동주민센터","02-2600-7485","07677","","서울특별시 강서구 초록마을로5길 29 (화곡동)","서울특별시","강서구","화곡본동"
"BE_LiST31-0100","3200157","지자체","8읍면동_동","서울특별시","서울특별시 관악구 낙성대동주민센터","낙성대동주민센터","02-879-4411","08790","","서울특별시 관악구 낙성대로4가길 5","서울특별시","관악구","낙성대동"
"BE_LiST31-0101","3200169","지자체","8읍면동_동","서울특별시","서울특별시 관악구 난곡동주민센터","난곡동주민센터","02-879-4621","08855","","서울특별시 관악구 난곡로30길 40","서울특별시","관악구","난곡동"
"BE_LiST31-0102","3200163","지자체","8읍면동_동","서울특별시","서울특별시 관악구 난향동주민센터","난향동주민센터","02-879-4651","08859","","서울특별시 관악구 난곡로 67","서울특별시","관악구","난향동"
"BE_LiST31-0103","3200052","지자체","8읍면동_동","서울특별시","서울특별시 관악구 남현동주민센터","남현동주민센터","02-879-4471","08807","","서울특별시 관악구 남현1가길 29","서울특별시","관악구","남현동"
"BE_LiST31-0104","3200168","지자체","8읍면동_동","서울특별시","서울특별시 관악구 대학동주민센터","대학동주민센터","02-879-4801","08813","","서울특별시 관악구 신림로 111","서울특별시","관악구","대학동"
"BE_LiST31-0105","3200162","지자체","8읍면동_동","서울특별시","서울특별시 관악구 미성동주민센터","미성동주민센터","02-879-4591","08864","","서울특별시 관악구 난곡로 249","서울특별시","관악구","미성동"
"BE_LiST31-0106","3200150","지자체","8읍면동_동","서울특별시","서울특별시 관악구 보라매동주민센터","보라매동주민센터","02-879-4201","08720","","서울특별시 관악구 봉천로 279-8","서울특별시","관악구","보라매동"
"BE_LiST31-0107","3200167","지자체","8읍면동_동","서울특별시","서울특별시 관악구 삼성동주민센터","삼성동주민센터","02-879-4771","08846","","서울특별시 관악구 호암로 589","서울특별시","관악구","삼성동"
"BE_LiST31-0108","3200166","지자체","8읍면동_동","서울특별시","서울특별시 관악구 서림동주민센터","서림동주민센터","02-879-4741","08845","","서울특별시 관악구 신림로29길 6","서울특별시","관악구","서림동"
"BE_LiST31-0109","3200164","지자체","8읍면동_동","서울특별시","서울특별시 관악구 서원동주민센터","서원동주민센터","02-879-4681","08778","","서울특별시 관악구 신림로 282","서울특별시","관악구","서원동"
"BE_LiST31-0110","3200152","지자체","8읍면동_동","서울특별시","서울특별시 관악구 성현동주민센터","성현동주민센터","02-879-4261","08725","","서울특별시 관악구 구암길 38","서울특별시","관악구","성현동"